measure_control,rule,numerator_column,denominator_column,review_decision
C001,value,number_of_beds,,retain_conditional
C002,code,type_of_control,,retain_conditional
C003,code,provider_type,,retain_conditional
C023,ratio,total_days_title_xviii,total_days_v_xviii_xix_unknown,retain_conditional
C024,ratio,total_days_title_xix,total_days_v_xviii_xix_unknown,retain_conditional
C027,value,fte_employees_on_payroll,,retain_conditional
C028,ratio_per_day_denominator,fte_employees_on_payroll,total_bed_days_available,retain_conditional
C029,value,number_of_interns_and_residents_fte,,retain_conditional
C035,value,contract_labor_direct_patient_care,,retain_conditional
C036,ratio,total_salaries_adjusted,fte_employees_on_payroll,hold_definition
C037,value,total_days_v_xviii_xix_unknown,,retain_conditional
C038,value,total_discharges_v_xviii_xix_unknown,,retain_conditional
C039,per_day,total_days_v_xviii_xix_unknown,,retain_conditional
C040,ratio,total_days_v_xviii_xix_unknown,total_bed_days_available,retain_conditional
C041,ratio_per_day_denominator,total_discharges_v_xviii_xix_unknown,total_bed_days_available,retain_conditional
C042,ratio,total_days_v_xviii_xix_unknown,total_discharges_v_xviii_xix_unknown,retain_conditional
C045,ratio,net_income_from_service_to_patients,net_patient_revenue,retain_conditional
C046,ratio,total_current_assets,total_current_liabilities,retain_conditional
C047,ratio,total_liabilities,total_assets,retain_conditional
C048,ratio_per_day_denominator,cash_on_hand_and_in_banks,less_total_operating_expense,retain_conditional
C049,ratio,cost_of_charity_care,total_costs,retain_conditional
C050,ratio,cost_of_uncompensated_care,total_costs,retain_conditional
C051,value,total_bad_debt_expense,,hold_definition
C052,ratio,net_revenue_from_medicaid,net_patient_revenue,retain_conditional
C053,ratio,total_salaries_from_worksheet_a,less_total_operating_expense,retain_conditional
C054,ratio,contract_labor_direct_patient_care,less_total_operating_expense,retain_conditional
C055,value,cost_to_charge_ratio,,retain_conditional
C056,value,health_information_technology_designated_assets,,hold_definition
C057,ratio,less_total_operating_expense,total_discharges_v_xviii_xix_unknown,retain_conditional
C058,value,depreciation_cost,,hold_definition
