member_sha256,bronze_table,release_id,file_name,vintage,period_start,period_end,period_basis
2ec8b245aa067db0c96a71b06d545446c2d4e276fa1280c836e8e4b215a8c945,cms_hsa_csv,HSA__20260924T055802Z__45a258d7c54a457aaaae70bc71fdbf99,HSAF_2015_SUPPRESS.csv,2015,2015-01-01,2015-12-31,job_catalog_coverage
ffa9f47eec17927f6e3692b2d16f54e18b90f949f4c8adf021134f8159a6749b,cms_hsa_csv,HSA__20260924T055740Z__aab6a8e645b24e7081b032335568d5e6,Hospital_Service_Area_2016.csv,2016,2016-01-01,2016-12-31,job_catalog_coverage
40257125b58fc07d1bc43fab7a4110dadb5aa7c29238bdb0d68425ceeb7d8fa5,cms_hsa_csv,HSA__20260924T055715Z__66d0241bed4e42cb9772b0281eef622a,Hospital_Service_Area_2017.csv,2017,2017-01-01,2017-12-31,job_catalog_coverage
4f4ec6b2dbac94cbb0ec5e1b8cbefc8a7a5e742ef0a7911892fba0bd0da28dac,cms_hsa_csv,HSA__20260924T055650Z__b921249932e542c8ab0bdc5b6fed2a92,Hospital_Service_Area_2018.csv,2018,2018-01-01,2018-12-31,job_catalog_coverage
c3da9c6a29f31b28bd7a39581d117a45fa03bf2bc5f7188a34979261b6c544ae,cms_hsa_csv,HSA__20260924T055624Z__774bdba8764647b19d339d744fdf85a6,Hospital_Service_Area_2019.csv,2019,2019-01-01,2019-12-31,job_catalog_coverage
b9e3c6b0ea9e9f6729fd39e8925cbba6dd18909f6fa7cdeb3c9dc1d6b7c0c07f,cms_hsa_csv,HSA__20260924T055600Z__8a0273b723ec4f9bb3a04e18bbe4e003,Hospital_Service_Area_2020.csv,2020,2020-01-01,2020-12-31,job_catalog_coverage
832876ca6111ee67243e371bcebc66fa96e5e65fb2f456c830df038760414fc3,cms_hsa_csv,HSA__20260924T055539Z__d8803b50122744c29e45cf617441165e,Hospital_Service_Area_2021.csv,2021,2021-01-01,2021-12-31,job_catalog_coverage
dc83c6a5bbcb892be0668d87afa95b296dc816a58d98397beb8924bdc9754d9e,cms_hsa_csv,HSA__20260924T055509Z__6e43f5ea948240c38cc2513e37ffaf1a,Hospital_Service_Area_2022.csv,2022,2022-01-01,2022-12-31,job_catalog_coverage
0482a469051a78bc52d16028c25de530ef85fefa7c4166d2dd483f85580d8291,cms_hsa_csv,HSA__20260924T055441Z__d27e86c7f12e433fb9ec4dec8129b6e3,Hospital_Service_Area_2023.csv,2023,2023-01-01,2023-12-31,job_catalog_coverage
1698b7fb8372ebafe126099e2b2406a841411f6eb2d22f50ca9add545bff5aa8,cms_hsa_csv,HSA__20260924T055424Z__39ab42337dee4401a6c4e668f81fe79e,Hospital_Service_Area_2024.csv,2024,2024-01-01,2024-12-31,job_catalog_coverage
5e900d1fc61aafd67459a852d208731a9b4efa9489c872079308a8025e644b19,cms_hsa_csv,HSA__20260924T055405Z__323dc90e2d054a55b9023899434dcca8,Hospital_Service_Area_2025.csv,2025,2025-01-01,2025-12-31,job_catalog_coverage
df62fedd7d27528af7fd870c7ec92232fb2d6bea3ec6cbc9928946b78e128f64,county_adjacency,ADJ__20260924T173148Z__0f901467c6994d71ba3e95c9005a899c,county_adjacency2023.txt,2023,,,reviewed_file_name
912ca408163016864fe64aaf667b53ad03a19ce4acbc586d3ac508395bdac980,county_adjacency,ADJ__20260924T173146Z__c35a136ae98c484abee7a2d9323733ba,county_adjacency2024.txt,2024,,,reviewed_file_name
8233d2aed342f62eb02bae9f9002ad1d8fc6bd82d739185eba8bad832bf8fc87,county_adjacency,ADJ__20260924T173129Z__9b86fe8d59ac44b09503e29465799ae8,county_adjacency2025.txt,2025,,,reviewed_file_name
a8ad0d26f5a17deebcc2907633a70dfaf73c4c953c42a74ead4748f076c22015,county_adjacency,ADJ__20260924T060621Z__b803253568d54a87b4c70d70b85f1d9b,county_adjacency2026.txt,2026,,,reviewed_file_name
b6df774db9ad5b94c47036379e207dd4622e46ef22c01ca2b7603453a4901014,county_adjacency_2010_text_lines,ADJ__20260924T173148Z__54733defc85e43929fcc21fb260cc475,county_adjacency2010.txt,2010,,,reviewed_file_name
e059e677d34f983e4e3ad488f45b6153e43e28b3921abd0b95d39f28dacbec45,hud_zip_county,HUD_XLSX__20260928T213618Z__5c452632d2cb94d5ae6fb997a81d2429,crosswalk.csv,2010Q1,2010-01-01,2010-03-31,receipt_publisher_quarter
2b0d71d4ae05d314260207dc71989aca7866ffcf6cca15546532394e36f59e17,hud_zip_county,HUD_XLSX__20260928T213841Z__d61e4af567121f0503691bc22295cf22,crosswalk.csv,2010Q2,2010-04-01,2010-06-30,receipt_publisher_quarter
c5b0b5393aec5fcba9e3d348adcbe5651b4bf43fd116eb1a71dd7bab36968ef3,hud_zip_county,HUD_XLSX__20260928T213847Z__f00337180bcc58f76ad664afdce876fc,crosswalk.csv,2010Q3,2010-07-01,2010-09-30,receipt_publisher_quarter
8d58946c6bb17d90105c9e924eaed7192c373b96fe509cc5e779821b7b6f7e36,hud_zip_county,HUD_XLSX__20260928T213851Z__4744e4ad1e26c1f631048ff59ae77121,crosswalk.csv,2010Q4,2010-10-01,2010-12-31,receipt_publisher_quarter
9b024d57f6e3a984ac68cbe5acade52abf141f0c33ffd17f6bed728389280560,hud_zip_county,HUD_XLSX__20260928T213856Z__89c6effe05950b686fa234cef0f14f20,crosswalk.csv,2011Q1,2011-01-01,2011-03-31,receipt_publisher_quarter
227132ed2822ec58ddc73b73a5a1ea77767e1d38387018f15d37038478944be2,hud_zip_county,HUD_XLSX__20260928T213901Z__8676a359e3fe2340d48e22bf651f6e05,crosswalk.csv,2011Q2,2011-04-01,2011-06-30,receipt_publisher_quarter
1636d4cef126450ff0061549497ec3257abbcab0c318219450d1bbaf392e556c,hud_zip_county,HUD_XLSX__20260928T213906Z__e8b5dd28f7393238b318aa581f0942db,crosswalk.csv,2011Q3,2011-07-01,2011-09-30,receipt_publisher_quarter
91663f6a2735dfcecc54df9391fdb6f158a783ade05d2db6ddc671ba379cc06a,hud_zip_county,HUD_XLSX__20260928T213911Z__b76251664d48a5c60c22d6e46249ed50,crosswalk.csv,2011Q4,2011-10-01,2011-12-31,receipt_publisher_quarter
a19e447a48bf532ad6dc6d4eacdd41f7c2eef379b76c2577f381fc758eedebdf,hud_zip_county,HUD_XLSX__20260928T213916Z__018a44840f9cbdd6f243a6b8c199ef2b,crosswalk.csv,2012Q1,2012-01-01,2012-03-31,receipt_publisher_quarter
07de14d52da2fd922724eb27f99a5cc2f7e09ca2a6e10d7b4c3b4226f94a3115,hud_zip_county,HUD_XLSX__20260928T213921Z__e091d738b1029c54d71b9b2a4f07c9ab,crosswalk.csv,2012Q2,2012-04-01,2012-06-30,receipt_publisher_quarter
0a1002462b2197ef862d1e3668b1bd4a74e92ab0334adf760e90d229ad1fc3d4,hud_zip_county,HUD_XLSX__20260928T213926Z__9aeb026771d066c8726c44e2291437c6,crosswalk.csv,2012Q3,2012-07-01,2012-09-30,receipt_publisher_quarter
63d6926d8c107df759bf5df32ab69e96d18ee78a992a008a0622c352173f9f7b,hud_zip_county,HUD_XLSX__20260928T213932Z__5b07f2b7fd9afe00e1a36bee264e1aa7,crosswalk.csv,2012Q4,2012-10-01,2012-12-31,receipt_publisher_quarter
a6d52cab198676868599a8b5082b50f22c202e6d864c68e7e325d6ad953d9759,hud_zip_county,HUD_XLSX__20260928T213937Z__cff61967891899180a4282c442872926,crosswalk.csv,2013Q1,2013-01-01,2013-03-31,receipt_publisher_quarter
52cdc7088ad7763be5503a9e21a2ae21a328a0539ab8fa390f649ae4d848fbab,hud_zip_county,HUD_XLSX__20260928T213944Z__563c87cd5476ee5598e18445b3f1f23c,crosswalk.csv,2013Q2,2013-04-01,2013-06-30,receipt_publisher_quarter
1602500ad66cec7af4bdfc3c004dc3a3339d9e4506a59680cfc9ef0f2e339978,hud_zip_county,HUD_XLSX__20260928T213949Z__93107650cf571cec7ffe00f2910d97f4,crosswalk.csv,2013Q3,2013-07-01,2013-09-30,receipt_publisher_quarter
6a68b3bed4e2d3b2a0aae87910f2d644b67f9e9a3d8f0c440bc5226c67fe61b4,hud_zip_county,HUD_XLSX__20260928T213954Z__6eb775f7cd152ebf5b581a96f17c601a,crosswalk.csv,2013Q4,2013-10-01,2013-12-31,receipt_publisher_quarter
9862ed3b04f3875f489665d3444a0021b32b53f3cedc5a1024225c215802c4ce,hud_zip_county,HUD_XLSX__20260928T213959Z__873937b098e59dec58a0dca23add9a8d,crosswalk.csv,2014Q1,2014-01-01,2014-03-31,receipt_publisher_quarter
82ce750858bc51d44b758b76f6a95150a3905134c2c9a57ae580692ca824f860,hud_zip_county,HUD_XLSX__20260928T214003Z__3f4c19435b6824a869860955961fe82a,crosswalk.csv,2014Q2,2014-04-01,2014-06-30,receipt_publisher_quarter
4dbc4b39d0b357d3f9630172b50f3225f34fcae9589bfb3b8c264b4a946a610a,hud_zip_county,HUD_XLSX__20260928T214009Z__cb7777aed2095eb78075ba3196c01e26,crosswalk.csv,2014Q3,2014-07-01,2014-09-30,receipt_publisher_quarter
8cb3e27dbf0a77b7db9687f2b1b569fe4eccdc0953983f39f5e391c69c7691b6,hud_zip_county,HUD_XLSX__20260928T214019Z__13acdea8b05d3be8e74397e193cbd24b,crosswalk.csv,2014Q4,2014-10-01,2014-12-31,receipt_publisher_quarter
8b86a21ca3f4f9ff61dd6f1307ee0e0c4963f1722d0857c9ea6ef8ffa51dd631,hud_zip_county,HUD_XLSX__20260928T214023Z__6697dc875f59f46f99e66cf87a9afc44,crosswalk.csv,2015Q1,2015-01-01,2015-03-31,receipt_publisher_quarter
a407655ae45a802506607fbf9b674c68ebcc84a369a6c15167ff2e1f0fb66216,hud_zip_county,HUD_XLSX__20260928T214029Z__2b3627c52016f45e6c48d32b638c49ce,crosswalk.csv,2015Q2,2015-04-01,2015-06-30,receipt_publisher_quarter
644a1a84da52ddf290c16b298633a6df35696447b5c58d35e47f870f0261b0f5,hud_zip_county,HUD_XLSX__20260928T214034Z__39f87705ff1cb7480afe11a5418f9423,crosswalk.csv,2015Q3,2015-07-01,2015-09-30,receipt_publisher_quarter
27f0772ec55f64e109a389c60c98359e633e49febff20371863542a93576a1ff,hud_zip_county,HUD_XLSX__20260928T214038Z__457caabe6f082af6130b8d4d79218ffc,crosswalk.csv,2015Q4,2015-10-01,2015-12-31,receipt_publisher_quarter
8b89a08c2a69337c3dbe9ca6a9bfe2b6bb75deeebe690d48d820727a2eefbc75,hud_zip_county,HUD_XLSX__20260928T214044Z__3291354dc5212539c13dd1dac989b030,crosswalk.csv,2016Q1,2016-01-01,2016-03-31,receipt_publisher_quarter
127048c220f5c08b2c574e9184847a8694df4825bff697516f577d66044ca678,hud_zip_county,HUD_XLSX__20260928T214103Z__2c84e82b42df7871cfce8689760442fa,crosswalk.csv,2016Q2,2016-04-01,2016-06-30,receipt_publisher_quarter
549f410e9f9c61cc4161c57d62284dac66c8045f37f24c9d0c49bbc4768c3a21,hud_zip_county,HUD_XLSX__20260928T214108Z__2384e861f2b52593798db99cd66bb225,crosswalk.csv,2016Q3,2016-07-01,2016-09-30,receipt_publisher_quarter
2e3b7db1adb6f0ad38d84f22448a2750b1b0749252be8f76ce3961f4b3be4b0a,hud_zip_county,HUD_XLSX__20260928T214112Z__fb10aba38af5f54e1a126e1368b87b92,crosswalk.csv,2016Q4,2016-10-01,2016-12-31,receipt_publisher_quarter
4f8b1e1ad8d5183a9eed711afffcbad8d11f0484b231bd294379621441b0a4a9,hud_zip_county,HUD_XLSX__20260928T214117Z__8013ebd63e0b15e8b6f73f6570b77ec8,crosswalk.csv,2017Q1,2017-01-01,2017-03-31,receipt_publisher_quarter
081f4df07c6a0cc3c57d4150edd2eae41a0109b7722b292991bb4f24c71593c4,hud_zip_county,HUD_XLSX__20260928T214122Z__db201ed3aeea4e64e84d114c0a524840,crosswalk.csv,2017Q2,2017-04-01,2017-06-30,receipt_publisher_quarter
91e2bc9b1ffa45edb20cc5930037a78ebd3dd2c88f5b88e3a09d6335c881e802,hud_zip_county,HUD_XLSX__20260928T214127Z__b7253ec3b144a8832b311aa5cdb55cf7,crosswalk.csv,2017Q3,2017-07-01,2017-09-30,receipt_publisher_quarter
4a543bd6222cc298953552ba5e03199bdfb6f04cf8c6ae00065c976357efc309,hud_zip_county,HUD_XLSX__20260928T214131Z__35b18cbd939062781e59a65bf2f4f568,crosswalk.csv,2017Q4,2017-10-01,2017-12-31,receipt_publisher_quarter
4a7d3d409898f18f2b9a5ee4f47597a0ecad46b22ab75446bf54e38d6a91650d,hud_zip_county,HUD_XLSX__20260928T214135Z__06148523bb89b1191910daf7123b072e,crosswalk.csv,2018Q1,2018-01-01,2018-03-31,receipt_publisher_quarter
164f933fa3ec214e55135c43fa508369fe4b71bfdfa56c139bb7e4445820fd20,hud_zip_county,HUD_XLSX__20260928T214140Z__e9650c319ba89604a78228403b944473,crosswalk.csv,2018Q2,2018-04-01,2018-06-30,receipt_publisher_quarter
8472abeca0660edb73d4cbde06921a01e10d0b49551b9c9efa6e1cbf5929ffd2,hud_zip_county,HUD_XLSX__20260928T214147Z__0e037e0026306c51e041d982ed0e8721,crosswalk.csv,2018Q3,2018-07-01,2018-09-30,receipt_publisher_quarter
d8a02467b7e98acc7c43d10d046cc2d0fea6549a65615019c02a77c330f43b1d,hud_zip_county,HUD_XLSX__20260928T214151Z__1a43f55a126594cc5ce6c7f3cf06e518,crosswalk.csv,2018Q4,2018-10-01,2018-12-31,receipt_publisher_quarter
d48a1de18497dd3ac817ba4184d5e0060a1947e19f4f469ca13da13fe0a7c48c,hud_zip_county,HUD_XLSX__20260928T214157Z__6cfd6d7fd3708f1db2bc773b3f7e70f0,crosswalk.csv,2019Q1,2019-01-01,2019-03-31,receipt_publisher_quarter
2cbc3ca4285bfa5537714919a0be169e96caa0773cdfe1bf0a407983664c215d,hud_zip_county,HUD_XLSX__20260928T214217Z__ac0797c972d850ca4a7937e580c92b7d,crosswalk.csv,2019Q2,2019-04-01,2019-06-30,receipt_publisher_quarter
a7cddf10d9dcb9c87bdafb5837f404ef5f4daa6b12e7cf53974d31856e055d75,hud_zip_county,HUD_XLSX__20260928T214221Z__2ae53ea2ca9d81d3fd1cb4c989ecf535,crosswalk.csv,2019Q3,2019-07-01,2019-09-30,receipt_publisher_quarter
93e92c177eb4dbb8d4202443d3562d15fe596028c51b6b22f3579501109cbb96,hud_zip_county,HUD_XLSX__20260928T214225Z__3a8f4333328d688b8546d4ac78da4b6c,crosswalk.csv,2019Q4,2019-10-01,2019-12-31,receipt_publisher_quarter
ccb281b5fcd9e2796fad8edd2b4ad94d4ec40c46d69e823a632ef6b6e4a4a6d3,hud_zip_county,HUD_XLSX__20260928T214230Z__528c502cb9d71a4e53c10152c13644ce,crosswalk.csv,2020Q1,2020-01-01,2020-03-31,receipt_publisher_quarter
6020c0fcc0a8825e268747c9cd3b2951734243ccf94691cb9e90b73f765b9c83,hud_zip_county,HUD_XLSX__20260928T214234Z__3a0b3d7ec59704d76e0ea876b069a324,crosswalk.csv,2020Q2,2020-04-01,2020-06-30,receipt_publisher_quarter
2127e34e1d91a9478e3e1b5aea54df356816f2196abc8a3d8730a1539e1e62d6,hud_zip_county,HUD_XLSX__20260928T214238Z__cb6f918d28906d1c6250f980822969ac,crosswalk.csv,2020Q3,2020-07-01,2020-09-30,receipt_publisher_quarter
878b2dc898ddd39693157a7b355dd78688f2865d63a389b83d2aaf7d381a2eea,hud_zip_county,HUD_XLSX__20260928T214242Z__38a206e8b45d7349fb796cdcbe787794,crosswalk.csv,2020Q4,2020-10-01,2020-12-31,receipt_publisher_quarter
f076793fa9aafee4ec93c4955029209a9a58bf2cac5164d5b6a8a67c743643c2,hud_zip_county,HUD_API__20260928T203040Z__4e49e817087deef421255e1c5935e095,crosswalk.csv,2021Q1,2021-01-01,2021-03-31,receipt_publisher_quarter
90c7fb5dff5d4bfa6660f8897c8c5c6151ea4fd183e93f9ee05e53397aa83c28,hud_zip_county,HUD_API__20260928T204605Z__9bc4c8788be0ac241c79f50a1db8e83e,crosswalk.csv,2021Q2,2021-04-01,2021-06-30,receipt_publisher_quarter
d44ced22607fc867cafdcad514a6e27f1061e11a56925d0a5dd9a68e18b99512,hud_zip_county,HUD_API__20260928T204623Z__03593aa2cde6787921e9d47140000de2,crosswalk.csv,2021Q3,2021-07-01,2021-09-30,receipt_publisher_quarter
2b4d1e379c649ec7322c06bd29adb9206bb24690e0edc145f91b0db8339f2c75,hud_zip_county,HUD_API__20260928T204641Z__c578302bc7b60515265e060593573c16,crosswalk.csv,2021Q4,2021-10-01,2021-12-31,receipt_publisher_quarter
58d221637d0147730bfd4b5b1c5db0517d2db59e310862841b1ff1398bd2afaa,hud_zip_county,HUD_API__20260928T204659Z__1f5c427f3cbe20fe8805f556fe224ff2,crosswalk.csv,2022Q1,2022-01-01,2022-03-31,receipt_publisher_quarter
135da09ccad470bac127efe44b6bea5f9ea777fc57fd3fbe125d9753a7f0be63,hud_zip_county,HUD_API__20260928T205555Z__339aff2febcefb9e83d2c89be3574a3e,crosswalk.csv,2022Q2,2022-04-01,2022-06-30,receipt_publisher_quarter
691b6be3965cd117c14b96cdb03481de5d233fa4c9aedb63ea1cd5ee6dda2280,hud_zip_county,HUD_API__20260928T205612Z__39235dd2cfe5ea53eb06f29de11793dd,crosswalk.csv,2022Q3,2022-07-01,2022-09-30,receipt_publisher_quarter
7e5440d08ca7757cd9c7d2a5a86d1316328335ba2e124daaf2464787d5cb9c93,hud_zip_county,HUD_API__20260928T205629Z__09d5507d2e655b03b67f84a84eb0a3eb,crosswalk.csv,2022Q4,2022-10-01,2022-12-31,receipt_publisher_quarter
228fea4d50c45d6997dc7780507a75f680d7016f8dcf065f92ba63913a766d7e,hud_zip_county,HUD_API__20260928T205645Z__49042cdeb3a68be4db9c6de019ba5ed6,crosswalk.csv,2023Q1,2023-01-01,2023-03-31,receipt_publisher_quarter
aa4a84f8a3796c0b7a2717f2347965166bc29ed04bb451201d4e98c600d02767,hud_zip_county,HUD_API__20260928T205702Z__afecfa97e612db7623046a34517bb3b5,crosswalk.csv,2023Q2,2023-04-01,2023-06-30,receipt_publisher_quarter
397d2ca770a2f65dcccbd1098ac5e0f9074aaba78a3c97feef0a95c0a3392a9a,hud_zip_county,HUD_API__20260928T205720Z__55a3e6e2a6fdc72e2de297549f4a9211,crosswalk.csv,2023Q3,2023-07-01,2023-09-30,receipt_publisher_quarter
56b2db7cdfe1798e9391e47fcfe47ae32af6d9b4b4e3958eb40bf415d5c29604,hud_zip_county,HUD_API__20260928T205739Z__5ed0225e13224fd50a382ca1a458818a,crosswalk.csv,2023Q4,2023-10-01,2023-12-31,receipt_publisher_quarter
4761a8bb0bd0015fb1ba4efa2ed89963451b16d178e918121ff4cc6cbb39cba3,hud_zip_county,HUD_API__20260928T205756Z__9815d284cb497de6b750e7d4a63971b1,crosswalk.csv,2024Q1,2024-01-01,2024-03-31,receipt_publisher_quarter
53aab3a737e145f5d0ff1fffee9701d6e7d4226deedc59277dcb009dac9ac56a,hud_zip_county,HUD_API__20260928T205813Z__2e7a2322aaac3f8851ec345f5ddb4f9c,crosswalk.csv,2024Q2,2024-04-01,2024-06-30,receipt_publisher_quarter
f648c4f157b59b47094dd4ef9b1662613f57c41546a9d6071b9b9547555d57f1,hud_zip_county,HUD_API__20260928T210518Z__f2720e6030528938c62ca1a0df8b39ae,crosswalk.csv,2024Q3,2024-07-01,2024-09-30,receipt_publisher_quarter
6004d7f306cbb513099eb010488555ad69e7c2494aec1046becf5e02f25ec282,hud_zip_county,HUD_API__20260928T210536Z__574876390da4a2a591b7d1b17c023991,crosswalk.csv,2024Q4,2024-10-01,2024-12-31,receipt_publisher_quarter
317dbe7f115435e380dc5ee4c3a8a28c93165665ca7d597c310f984f1ff234b0,hud_zip_county,HUD_API__20260928T210554Z__e186fa1a3c7bf43f525fb701740df3ff,crosswalk.csv,2025Q1,2025-01-01,2025-03-31,receipt_publisher_quarter
687e54cade7ea4dc5260798979481e539437423332e73577f23e751072764857,hud_zip_county,HUD_API__20260928T210611Z__b87b4c08e15ccc659694a617a0401b91,crosswalk.csv,2025Q2,2025-04-01,2025-06-30,receipt_publisher_quarter
bac0420ad79c8e0fd5f46837fbe4b5de0ecfa4bccb293e83229a35ff75fa7810,hud_zip_county,HUD_API__20260928T210628Z__08f5d49806009f947a2c117fbd0ed151,crosswalk.csv,2025Q3,2025-07-01,2025-09-30,receipt_publisher_quarter
abd473ccdd4d28e9fa50d95b1d3c0533b7fb35f7feb2280619504279b0067f8b,hud_zip_county,HUD_API__20260928T210645Z__e7805a82cc36c4a8f1e2cba314c4b40b,crosswalk.csv,2025Q4,2025-10-01,2025-12-31,receipt_publisher_quarter
3d2d1bcc63fc56d350d9ec298bb4fd750a1a48dc83541fd187c8543e19cc10da,ruca_sheet_rows,RUCA__20260924T173126Z__e9263c258f5548089af1e3fbf6c6f1a4,1990-rural-urban-commuting-area-codes.xls,1990,,,reviewed_file_name
1f5c4bd91908f619a72b3d2c8c42f0411b03263eeecefe31ee93bc8353a8faa9,ruca_sheet_rows,RUCA__20260924T173125Z__687ef419866d47c4b728e42ddf64e24c,2000-rural-urban-commuting-area-codes.xls,2000,,,reviewed_file_name
92f23fd320b1ebdb6484670e051da8d250e007d2d80c8ad8580ee388792c9021,ruca_sheet_rows,RUCA__20260924T173114Z__9d98f1bc6add44339fd56d179c4e3f46,2010-rural-urban-commuting-area-codes-zip-code-file.xlsx,2010,,,reviewed_file_name
d02a2329294db567ebf23eaa3ca5702ee531f020cee25cb5f653df99bd668c70,ruca_sheet_rows,RUCA__20260924T173110Z__400a565281164b88a63af00fd8f45a57,2010-rural-urban-commuting-area-codes-revised-732019.xlsx,2010,,,reviewed_file_name
705e7c6eeccb57ac03d95374ad44c6f02d193929cfea77f40b2c9b06df87e420,ruca_sheet_rows,RUCA__20260924T173024Z__31856dde6a54495e89be899e173c5a2e,2020-rural-urban-commuting-area-codes-census-tracts.xlsx,2020,,,reviewed_file_name
76a56446af901fd8c56a74caf7186e4fb5dee0a4f5bc9004297ea3880babf11d,ruca_sheet_rows,RUCA__20260924T173044Z__2f7727ef5ac44157b298a8543be9cec5,2020-rural-urban-commuting-area-codes-zip-codes.xlsx,2020,,,reviewed_file_name
e056ee1bcf387e39c220f20a506801030c1105351fa8a1bb814d0a686013a8a8,ruca_tracts_2020,RUCA__20260924T060555Z__48e52e04e21b49d6b8ef222cd5b82c89,2020-rural-urban-commuting-area-codes-census-tracts.csv,2020,,,reviewed_file_name
7beac2abad5070bb9a8bc62ab0798aff7767e51dfc77331263709a1b3ec6bc32,ruca_zip_2010,RUCA__20260924T173116Z__0e0f1a21a5564dfc839203fc795d3709,2010-rural-urban-commuting-area-codes-zip-code-file.csv,2010,,,reviewed_file_name
b7fce586b30bc89aee4219cd06cf319c35186773250297b0a83efdedfd79b095,ruca_zip_2020,RUCA__20260924T173056Z__3e3bd6442dd14c4892d65ee5442ebd18,2020-rural-urban-commuting-area-codes-zip-codes.csv,2020,,,reviewed_file_name
ec455ee2a8bc5fc8e070575ea5bee7dce46fc6037f8c3449cbf56e8b45331fa7,rucc,RUCC__20260924T172943Z__89a15f8919f94ffeadd7876ab6f05fac,2023-rural-urban-continuum-codes.csv,2023,,,reviewed_file_name
001e496e88e6c53b675ff760e6cffb7b6c4df52c79b13fa4f0755b05e3326060,rucc_sheet_rows,RUCC__20260924T173023Z__6571c8d796194cdc902a493669145bf6,1974-rural-urban-continuum-codes.xls,1974,,,reviewed_file_name
266c8e5124bdae20a84bbf3f44573fc358f0bdaba96f5a5801f72cdc62df6ea2,rucc_sheet_rows,RUCC__20260924T173022Z__e3d9c994f16140e8becd1807469983d7,1983-and-1993-rural-urban-continuum-codes.xls,1983 1993,,,reviewed_file_name
869d57a94bb1bbcc988888b7b8836b8dea2fcd6354b3c269ebfc88d99f2570ec,rucc_sheet_rows,RUCC__20260924T172959Z__cfcd7e817edc49c696c439beaa749a69,1993-rural-urban-continuum-codes.xls,1993,,,reviewed_file_name
aecb72d93e1eb4e484f7f0d5e260d67704ef5dec2e2265a03a445aa3e0715644,rucc_sheet_rows,RUCC__20260924T172957Z__6fa1607c44ef43289b8b61b192cd60ac,2003-rural-urban-continuum-codes.xls,2003,,,reviewed_file_name
ebf58601d31f9b836e6f777f412ff8cdc95613762a90c6b8beb15a7d82a1659e,rucc_sheet_rows,RUCC__20260924T172958Z__2597624f6acd47bf80733e7e9b82b1e4,2003-rural-urban-continuum-codes-codes-for-puerto-rico.xls,2003,,,reviewed_file_name
142dbbcf4a01f7237708ee4738c75ac4f975d49dbce36b6da240b02d5e9cd8ae,rucc_sheet_rows,RUCC__20260924T172943Z__e902438540f34b8ca629b4f6784838d4,2013-rural-urban-continuum-codes.xls,2013,,,reviewed_file_name
aeaae451663c7ea70cd15ef26fdc991bebcaf3a39d658ab2133d321530777df5,rucc_sheet_rows,RUCC__20260924T172943Z__3626fe53331649c49928b227dfeea47d,2023-rural-urban-continuum-codes.xlsx,2023,,,reviewed_file_name
