measure_control,hai_type,part,field,review_decision,original_decision
C269,HAI_1,SIR,sir,,target_only
C270,HAI_2,SIR,sir,,target_only
C271,HAI_3,SIR,sir,,target_only
C272,HAI_4,SIR,sir,,target_only
C273,HAI_5,SIR,sir,,target_only
C274,HAI_6,SIR,sir,,target_only
C275,HAI_1,SIR,sir,,retain_conditional
C276,HAI_2,SIR,sir,,retain_conditional
C277,HAI_3,SIR,sir,,retain_conditional
C278,HAI_4,SIR,sir,,retain_conditional
C279,HAI_5,SIR,sir,,retain_conditional
C280,HAI_6,SIR,sir,,retain_conditional
C281,HAI_1,NUMERATOR,observed,exclude_primary,exclude_primary
C281,HAI_2,NUMERATOR,observed,exclude_primary,exclude_primary
C281,HAI_3,NUMERATOR,observed,exclude_primary,exclude_primary
C281,HAI_4,NUMERATOR,observed,exclude_primary,exclude_primary
C281,HAI_5,NUMERATOR,observed,exclude_primary,exclude_primary
C281,HAI_6,NUMERATOR,observed,exclude_primary,exclude_primary
C282,HAI_1,ELIGCASES,predicted,exclude_primary,exclude_primary
C282,HAI_2,ELIGCASES,predicted,exclude_primary,exclude_primary
C282,HAI_3,ELIGCASES,predicted,exclude_primary,exclude_primary
C282,HAI_4,ELIGCASES,predicted,exclude_primary,exclude_primary
C282,HAI_5,ELIGCASES,predicted,exclude_primary,exclude_primary
C282,HAI_6,ELIGCASES,predicted,exclude_primary,exclude_primary
C283,HAI_1,CILOWER,ci_lower,exclude_primary,exclude_primary
C283,HAI_1,CIUPPER,ci_upper,exclude_primary,exclude_primary
C283,HAI_1,COMPARED,sir_compared_to_national,exclude_primary,exclude_primary
C283,HAI_2,CILOWER,ci_lower,exclude_primary,exclude_primary
C283,HAI_2,CIUPPER,ci_upper,exclude_primary,exclude_primary
C283,HAI_2,COMPARED,sir_compared_to_national,exclude_primary,exclude_primary
C283,HAI_3,CILOWER,ci_lower,exclude_primary,exclude_primary
C283,HAI_3,CIUPPER,ci_upper,exclude_primary,exclude_primary
C283,HAI_3,COMPARED,sir_compared_to_national,exclude_primary,exclude_primary
C283,HAI_4,CILOWER,ci_lower,exclude_primary,exclude_primary
C283,HAI_4,CIUPPER,ci_upper,exclude_primary,exclude_primary
C283,HAI_4,COMPARED,sir_compared_to_national,exclude_primary,exclude_primary
C283,HAI_5,CILOWER,ci_lower,exclude_primary,exclude_primary
C283,HAI_5,CIUPPER,ci_upper,exclude_primary,exclude_primary
C283,HAI_5,COMPARED,sir_compared_to_national,exclude_primary,exclude_primary
C283,HAI_6,CILOWER,ci_lower,exclude_primary,exclude_primary
C283,HAI_6,CIUPPER,ci_upper,exclude_primary,exclude_primary
C283,HAI_6,COMPARED,sir_compared_to_national,exclude_primary,exclude_primary
C283.benchmark_category,HAI_1,COMPARED,sir_compared_to_national,,
C283.benchmark_category,HAI_2,COMPARED,sir_compared_to_national,,
C283.benchmark_category,HAI_3,COMPARED,sir_compared_to_national,,
C283.benchmark_category,HAI_4,COMPARED,sir_compared_to_national,,
C283.benchmark_category,HAI_5,COMPARED,sir_compared_to_national,,
C283.benchmark_category,HAI_6,COMPARED,sir_compared_to_national,,
C283.lower_limits,HAI_1,CILOWER,ci_lower,,
C283.lower_limits,HAI_2,CILOWER,ci_lower,,
C283.lower_limits,HAI_3,CILOWER,ci_lower,,
C283.lower_limits,HAI_4,CILOWER,ci_lower,,
C283.lower_limits,HAI_5,CILOWER,ci_lower,,
C283.lower_limits,HAI_6,CILOWER,ci_lower,,
C283.upper_limits,HAI_1,CIUPPER,ci_upper,,
C283.upper_limits,HAI_2,CIUPPER,ci_upper,,
C283.upper_limits,HAI_3,CIUPPER,ci_upper,,
C283.upper_limits,HAI_4,CIUPPER,ci_upper,,
C283.upper_limits,HAI_5,CIUPPER,ci_upper,,
C283.upper_limits,HAI_6,CIUPPER,ci_upper,,
