measure_control,parent_control,source_model,fields,mapping,review_decision
C001,,int_hhs_capacity_weeks,,unnamed,retain_conditional
C040,,int_hhs_capacity_weeks,,unnamed,retain_conditional
C260,,int_hhs_capacity_weeks,all_adult_hospital_inpatient_bed_occupied_7_day_avg all_adult_hospital_inpatient_beds_7_day_avg,exact,retain_conditional
C261,,int_hhs_capacity_weeks,staffed_adult_icu_bed_occupancy_7_day_avg total_staffed_adult_icu_beds_7_day_avg,exact,retain_conditional
C262.01,C262,int_hhs_capacity_weeks,inpatient_beds_used_covid_7_day_avg inpatient_beds_used_7_day_avg,exact,retain_conditional
C262.02,C262,int_hhs_capacity_weeks,inpatient_beds_used_covid_7_day_avg inpatient_beds_7_day_avg,exact,retain_conditional
C262.03,C262,int_hhs_capacity_weeks,total_adult_patients_hospitalized_confirmed_covid_7_day_avg all_adult_hospital_inpatient_bed_occupied_7_day_avg,exact,retain_conditional
C262.04,C262,int_hhs_capacity_weeks,total_pediatric_patients_hospitalized_confirmed_covid_7_day_avg all_pediatric_inpatient_bed_occupied_7_day_avg,exact,retain_conditional
C262.05,C262,int_hhs_capacity_weeks,total_adult_patients_hospitalized_confirmed_and_suspected_covid_7_day_avg all_adult_hospital_inpatient_bed_occupied_7_day_avg,exact,retain_conditional
C262.06,C262,int_hhs_capacity_weeks,total_pediatric_patients_hospitalized_confirmed_and_suspected_covid_7_day_avg all_pediatric_inpatient_bed_occupied_7_day_avg,exact,retain_conditional
C263.01,C263,int_hhs_capacity_weeks,staffed_icu_adult_patients_confirmed_covid_7_day_avg staffed_adult_icu_bed_occupancy_7_day_avg,exact,retain_conditional
C263.02,C263,int_hhs_capacity_weeks,staffed_icu_adult_patients_confirmed_covid_7_day_avg total_staffed_adult_icu_beds_7_day_avg,exact,retain_conditional
C263.03,C263,int_hhs_capacity_weeks,staffed_icu_adult_patients_confirmed_and_suspected_covid_7_day_avg staffed_adult_icu_bed_occupancy_7_day_avg,exact,retain_conditional
C263.04,C263,int_hhs_capacity_weeks,staffed_icu_adult_patients_confirmed_and_suspected_covid_7_day_avg total_staffed_adult_icu_beds_7_day_avg,exact,retain_conditional
C263.05,C263,int_hhs_capacity_weeks,staffed_icu_pediatric_patients_confirmed_covid_7_day_avg staffed_pediatric_icu_bed_occupancy_7_day_avg,exact,retain_conditional
C263.06,C263,int_hhs_capacity_weeks,staffed_icu_pediatric_patients_confirmed_covid_7_day_avg total_staffed_pediatric_icu_beds_7_day_avg,exact,retain_conditional
E034.01,E034,int_hhs_capacity_weeks,previous_day_admission_adult_covid_confirmed_7_day_sum,exact,retain_conditional
E034.02,E034,int_hhs_capacity_weeks,previous_day_admission_adult_covid_suspected_7_day_sum,exact,retain_conditional
E034.03,E034,int_hhs_capacity_weeks,previous_day_admission_pediatric_covid_confirmed_7_day_sum,exact,retain_conditional
E034.04,E034,int_hhs_capacity_weeks,previous_day_admission_pediatric_covid_suspected_7_day_sum,exact,retain_conditional
E034.05,E034,int_hhs_capacity_weeks,previous_day_admission_adult_covid_confirmed_18_19_7_day_sum,exact,retain_conditional
E034.06,E034,int_hhs_capacity_weeks,previous_day_admission_adult_covid_confirmed_20_29_7_day_sum,exact,retain_conditional
E034.07,E034,int_hhs_capacity_weeks,previous_day_admission_adult_covid_confirmed_30_39_7_day_sum,exact,retain_conditional
E034.08,E034,int_hhs_capacity_weeks,previous_day_admission_adult_covid_confirmed_40_49_7_day_sum,exact,retain_conditional
E034.09,E034,int_hhs_capacity_weeks,previous_day_admission_adult_covid_confirmed_50_59_7_day_sum,api_field_name,retain_conditional
E034.10,E034,int_hhs_capacity_weeks,previous_day_admission_adult_covid_confirmed_60_69_7_day_sum,api_field_name,retain_conditional
E034.11,E034,int_hhs_capacity_weeks,previous_day_admission_adult_covid_confirmed_70_79_7_day_sum,api_field_name,retain_conditional
E034.12,E034,int_hhs_capacity_weeks,previous_day_admission_adult_covid_confirmed_80_7_day_sum,api_field_name,retain_conditional
E034.13,E034,int_hhs_capacity_weeks,previous_day_admission_adult_covid_confirmed_unknown_7_day_sum,exact,retain_conditional
E034.14,E034,int_hhs_capacity_weeks,previous_day_admission_adult_covid_suspected_18_19_7_day_sum,api_field_name,retain_conditional
E034.15,E034,int_hhs_capacity_weeks,previous_day_admission_adult_covid_suspected_20_29_7_day_sum,api_field_name,retain_conditional
E034.16,E034,int_hhs_capacity_weeks,previous_day_admission_adult_covid_suspected_30_39_7_day_sum,api_field_name,retain_conditional
E034.17,E034,int_hhs_capacity_weeks,previous_day_admission_adult_covid_suspected_40_49_7_day_sum,api_field_name,retain_conditional
E034.18,E034,int_hhs_capacity_weeks,previous_day_admission_adult_covid_suspected_50_59_7_day_sum,api_field_name,retain_conditional
E034.19,E034,int_hhs_capacity_weeks,previous_day_admission_adult_covid_suspected_60_69_7_day_sum,api_field_name,retain_conditional
E034.20,E034,int_hhs_capacity_weeks,previous_day_admission_adult_covid_suspected_70_79_7_day_sum,exact,retain_conditional
E034.21,E034,int_hhs_capacity_weeks,previous_day_admission_adult_covid_suspected_80_7_day_sum,api_field_name,retain_conditional
E034.22,E034,int_hhs_capacity_weeks,previous_day_admission_adult_covid_suspected_unknown_7_day_sum,exact,retain_conditional
E034.23,E034,int_hhs_capacity_weeks,previous_day_admission_pediatric_covid_confirmed_0_4_7_day_sum,exact,retain_conditional
E034.24,E034,int_hhs_capacity_weeks,previous_day_admission_pediatric_covid_confirmed_5_11_7_day_sum,exact,retain_conditional
E034.25,E034,int_hhs_capacity_weeks,previous_day_admission_pediatric_covid_confirmed_12_17_7_day_sum,exact,retain_conditional
E034.26,E034,int_hhs_capacity_weeks,previous_day_admission_pediatric_covid_confirmed_unknown_7_day_sum,exact,retain_conditional
E035.01,E035,int_hhs_capacity_weeks,previous_day_admission_influenza_confirmed_7_day_sum,exact,retain_conditional
C071,,int_onc_chpl_linkage_rows,meets_criteria_for_promoting_interoperability_of_ehrs facility_id start_date end_date program_year,exact,retain_conditional
C072,,int_onc_chpl_linkage_rows,developer_name chpl_id product_database_id facility_id start_date end_date,exact,retain_conditional
C073,,int_onc_chpl_linkage_rows,chpl_id product_database_id facility_id program_year start_date end_date,exact,retain_conditional
C074,,int_onc_chpl_linkage_rows,cehrt_id,exact,closed_not_predictor
