text_table,text_sha256,workbook_table,workbook_sha256,stem
cms_occupational_mix_text_lines,0181c2200aadc7207c80eb3fe50c010039022848668d1f243e5683798e8b729d,cms_occupational_mix_sheet_rows,172d5b1dc539164900d64b3c252a264f12ab539cb6c4a0d981d2d8d021c514a5,renamed: fy26_may_s2_preliminary_puf.20240613.s-3 data puf
cms_ipps_text_lines,0307eb65363fbd1c74698d0cd9fd5835d35ad6cf8f91007331e3d7b7ed9744f1,cms_ipps_sheet_rows,35066f966603deacdda1aa5b441353b0a17d6fa6b7031a139081e78072ead411,fy 2012 proposed rule- impact file puf
cms_occupational_mix_text_lines,04c3d19ab30e9fc42e147b5efc71314f093f020d10ffd1f911dbb3ed80888303,cms_occupational_mix_sheet_rows,7ae74bdb543b898343110118b0dea99937e6bd15d5c3c9ee963acb6be825a00e,renamed: fy20_nprm_s3_puf
cms_occupational_mix_text_lines,07f9643df2e2452299ef06a7d5f001f08d968c73a908a49bb2322aa136aa8ec8,cms_occupational_mix_sheet_rows,606028d6ec11bb07239a237a6c9b8cc1acd6ab135832d53122a70f057a34b296,fy20_nprm_provoccmix_20190304
cms_occupational_mix_text_lines,094ae49d617e751502512b9a21dd81234bfe0c37668ade108ff296668934f087,cms_occupational_mix_sheet_rows,c24c27ee8f8c06c2c37b68669a07ced678a182c431ef853bc47db967bb0e6624,2. fy25_nprm_puf.20240328.provoccmix_results
cms_occupational_mix_text_lines,0bc8bb4c2ab8b7e26939ccf6a6782d643a00e5d67992922d749077755e0d2082,cms_occupational_mix_sheet_rows,79cd00537eca7962e1b6e9d962eebca3ac9381f303be9c0ac3355d522225862e,renamed: fy_2020_s3_puf_final_rule
cms_ipps_text_lines,0c1df19563a0c114e80de67b9058e1efe9282495aa2c3d9942052fa85f0e9340,cms_ipps_sheet_rows,95476307f5770c754a6645b9c1bddbb31efacd077b7a4ca6a33964d8cdc62149,fy 2014 proposed rule- impact file puf2
cms_ipps_text_lines,0c9ec72c124a8f3b8211f1dc666239cd32a55272a55013498cc256aa8d62c926,cms_ipps_sheet_rows,78845b39c45804068c46b8f6b4211d30bf50b7dd39a3bf6b3d7801ba482a7640,fy 2013 final rule cn - ipps impact file puf-march 2013
cms_occupational_mix_text_lines,0ccfb728e824551565c3b4cf0cd964b6cc9ea5d8c6437c889c34a7abf2947749,cms_occupational_mix_sheet_rows,0cfe3c940b9159a405125a7ddcdcc3a4c1213be1074a5305483789bd5326f79b,fy_2015_fr_provcbsaahw_25072014
cms_occupational_mix_text_lines,1258881c8472e923bd0a8e4f42210a6fe86e53f386e0da5850089b19a68234cb,cms_occupational_mix_sheet_rows,cc056b79b15b531934abfa4cdd4c1f191a994fe8af6be4972ee1da5a2790249b,renamed: fy_2015_fr_ahw_provcbsaahw_25072014
cms_occupational_mix_text_lines,13f9b3101c1f1b7e86233fc35650bd3034f542f1ddec775d8d5747bf5788e1d3,cms_occupational_mix_sheet_rows,fab108dd3c3e1c72ffc5d042774e53ecd7823ae9a2fea308358e9f2817d1d281,renamed: fy22_nprm_s3_puf
cms_ipps_text_lines,15f70c553dbb63e8315a15b079ba0188849fd622fe3a5a820371f3e684f92321,cms_ipps_sheet_rows,61fb31b0f27d85ea6f898ccb6bc700b8f8344943809d74c2dd4314f48bd45d9e,fy25 cmis - v42 billed drgs (fr 2027)
cms_occupational_mix_text_lines,1629f8cf219d69d19eed78ed38511982d398d08216696be35564d418b16d8055,cms_occupational_mix_sheet_rows,bf1be3a1f08c45cbd9eb9f39a07d4de97f000d6e5425dac272c0ccc4fe800eae,fy_2018_proposed_provcbsaahw_02232017
cms_occupational_mix_text_lines,17a463c36dfd0612ed90e37c5a660af79613a96b273d066fdd604304e5e015af,cms_occupational_mix_sheet_rows,d604dbd0a124b9d801139fd9fa63bdbb8eec1fafdfb72a36ccb75a1c19159eff,fy_2019_final_provcbsaahw_07182018
cms_ipps_text_lines,190977ae74c49dcaac3cd1ab117ef028c33c9e08556394d27d447f8c2880c36b,cms_ipps_sheet_rows,6806804ca3709798d3623a744579501450f007f69e59ee3c1dc9982e48feba11,fy 2014 final rule ipps impact puf
cms_occupational_mix_text_lines,198816c2af2b3c27176d0374eb75d668028fc5e4af3e9f5dadcc7230a9431630,cms_occupational_mix_sheet_rows,f9d98c3a213ae6b6a6717d32a530b6c5f8bf5fe0f31b2ff3d3e55bdb681ab13d,fy_2018_final_cbsaoccmix_nooccmix_
cms_occupational_mix_text_lines,1b021c34a859c882126d160987259c80c2c7bf5fb6a1a59a7a9fc7e9c404d523,cms_occupational_mix_sheet_rows,54cdd50c6c5417393732e894891bd24a42b136a38d655bd2ed19f5125375bbfd,fy_2019_cn_cbsaoccmix_nooccmix_09282018
cms_occupational_mix_text_lines,1b0753b57f90e9deb9787cc375a7641207dde9653966d037b96389d4d483e1fd,cms_occupational_mix_sheet_rows,e112dedbde983bf59ec2d53f390f4890d246a416164560d41460b6080736c766,fy_2019_final_ahw_by_provider_area_listing_07182018
cms_ipps_text_lines,1d158c66791aa52156ade264f8fc858d475ce56addefe1de058805ab9a2e7f20,cms_ipps_sheet_rows,734ec06240f0b1506c801174a9be7694f399659652d69f79b2cdeaeeb94bceec,fy22 cmis - v39 billed drgs (fr 2024)
cms_ipps_text_lines,20350ec5d27d6831825628c890554fbb765a3f1829c9b2cd138d156142ad92aa,cms_ipps_sheet_rows,69cd88bbf1c4ec04ddbd49ada6fe15948f0b0afe84e93a0b701b222b6a7b7302,provider_cmi_v27_final
cms_ipps_text_lines,2182bab2469d4fa9b338d9023c48d757c52295b8da298189664e63348b287413,cms_ipps_sheet_rows,50ef4acb962a185cb415308a543254766864cbba066b1f1942c448bacb766e78,fy 2022 proposed alternative considered fy20 cmis - v37 billed drgs (nprm 2022)
cms_occupational_mix_text_lines,22df36766c603418627c7cc1fbb745ea91ca538fe707928ace88414217fa5827,cms_occupational_mix_sheet_rows,08685b4ea022127659d8cd5a70740a1f3cf7887ce7d63ea68287395cf7accfcc,fy_2019_nprm_cbsaoccmix_nooccmix_03232018
cms_occupational_mix_text_lines_utf16,2540be0ab1923bbc9d3a98d58c831eb310695a195061c0101cfc02181eedcb5b,cms_occupational_mix_sheet_rows,77cf77f56ad076d15e69314e8367e1ced571a83ebecc381b440aee8bd64037a9,renamed: fy_2017_fr_s3_data_puf
cms_ipps_text_lines,278e925345000cc1aa193c5cb580f8a22d4471f74b7f95086283d58a172c9fca,cms_ipps_sheet_rows,2146f09c26910c27a4effe91a0cb75beea11b23dd0ab7856cd1499f171f83c56,fy 2022 ipps proposed rule impact file
cms_ipps_text_lines,2cd4ea44d6f6c6392abb158fbf2ee732036c7adde2b1bd541bd14f721fcc97b0,cms_ipps_sheet_rows,67ac69caff9ae1895733bd4cd6ab514a70de46215caafb0985a3660579fa2803,fy_11_nprm_impact
cms_ipps_text_lines,2f814bfe0b1c5e729e9ee844f7533290348f2e28bc6c3f422c76121614761811,cms_ipps_sheet_rows,7902f38ea6d2dd2e823e58ea56d05a5e8af200f9c7635ea7e0e9f41ce67cb173,renamed: fy 2021 proposed rule ipps impact file
cms_occupational_mix_text_lines_utf16,31960be32e4c955da700ac2d261266466a1fe7e601f90d50125141664c54a0ff,cms_occupational_mix_sheet_rows,3edba6cf9cb0863bb2067ceb76ddcb1558fd1c3a9a7a896416f56f4e9fc23bd2,fy_2017_fr_cbsaoccmix_nooccmix_06302016
cms_ipps_text_lines,352f4b1a24d03c0d1c62d932a4c1c4d3947931c7ab3c287a2715e50103f14b78,cms_ipps_sheet_rows,1970965d6ec3d88ecd5832b0b08acba1a112ad2120269593fd894800ae93ae64,cmif03
cms_occupational_mix_text_lines,38da6baf70437d5463d47ff3d4b8e141ba357002198140e63f01c32f24ca9192,cms_occupational_mix_sheet_rows,4d751d2cb791ac37b69a7aab6f608adb0743d3e59e8431a833ab40ede4d70ca4,fy_2022_final_provoccmix
cms_ipps_text_lines,3977a63131ce236952850baecf50222a617d9be1e12582bf5f76e9c880882a4c,cms_ipps_sheet_rows,2c1f224091c596c19e3f18fbc6da56d5dc618f5502caf4a6226a531fc10a1ec6,renamed: fy 2018 proposed rule impact file (data)
cms_ipps_text_lines,3a9fc3bd84627eca41259b4fce315839190a556aca259b3ee95131fd164079c8,cms_ipps_sheet_rows,ac5ffd206e61156f1e20ce67751445113b8b94dd351885faa4dc43b0cb207dab,renamed: fy 2020 final rule impact file
cms_occupational_mix_text_lines,3cd7d2c9f5ee6fa4116b24133617c701f8618a8a735e66a2eda5f13cc9f9f4fc,cms_occupational_mix_sheet_rows,08587acb105405dd54f2d46da9f4fc28c5ae7998e836f096d497d0f3ad5544ab,renamed: fy17 s3 proposed puf
cms_occupational_mix_text_lines,4582682aa6afed6ccb43d76c578db9d58e229100463d5d462ac9c5ce5ec71af2,cms_occupational_mix_sheet_rows,8528ef184e04a9c397f420653af00d8526a8742346f62626f7160448f56c6b94,fy2016 nprm puerto rico ahws
cms_occupational_mix_text_lines,463af5cc56b60c9674128660c966adbc4ef03b558a8617d2b420f8c3b4cc5e15,cms_occupational_mix_sheet_rows,a316dfa67eeae55ed442af75c0781580254d54278df454e54f5c071e882f2dc0,renamed: 1. fy26_final_rule_puf.20250725.s-3 data puf
cms_ipps_text_lines,47c3c7b8cd5a1836e47fb3cc4f5331dff602f464f6d06269ee3ca9281fb8122c,cms_ipps_sheet_rows,4a83ea5089f47b8407a81cf0fc61a96a8cf50976e14821b0825834ab1d091870,fy 2023 proposed alternative considered ms-drg relative weights and los
cms_ipps_text_lines,493eec99b7a6235cb22cb9dbf93e67db334d5ac123851c6b97f2710c774341e3,cms_ipps_sheet_rows,072f13b6637f989e560ed798941aa4b7793ae8a6f3c8898c20b012efd9fcd015,fy21 cmis - v38 billed drgs (fr 2023)
cms_ipps_text_lines,4fd06760fd32d39f76711d4102d2976136df673f705643b3f5273762f6899145,cms_ipps_sheet_rows,cade97ba07b4ba2939da026336269ca39e3f9a3a354312f5938740d8290ebb73,"fy 2015 ipps proposed rule impact puf-may 19, 2014"
cms_occupational_mix_text_lines,518f57bab792d7013d8c388f90f3e7386850605d45626c1279063369508cad26,cms_occupational_mix_sheet_rows,91f6905433a8af42897888cff114e7a30c792edef779c79169d857f78dfe9330,fy_2022_final_provcbsaahw
cms_occupational_mix_text_lines,51f30cc38d7501ab488d05624c3077a7c520963c384bdc5862d1145863cc371b,cms_occupational_mix_sheet_rows,86110bf8901afae50c9b30efcd70e5190b31d2e012c1cf2f80c07a9d2651a82f,renamed: fy_2019_final_s3_puf
cms_occupational_mix_text_lines,525494c16ac0ed59ee41982198585de321f13fea35f03f024b5570b0b720589a,cms_occupational_mix_sheet_rows,58eb27d21ec5463abe7b3e7f6001363e073fea33af30ff05f148d68e6301f565,fy_2015_fr_provoccmix_25072014
cms_ipps_text_lines,525d452f82dc49c8047cc087f352bdbadda7a8d6d3d6d3cad1c6fbc05c380aa5,cms_ipps_sheet_rows,9f8d519c5c989a00af769142a56a613364ca784092fa641db75450352eadfec5,fy 2013 proposed rule- impact file puf
cms_occupational_mix_text_lines,531a77cd50179d4e6c79cff526909f7d7f1edb6ddc0f4ca55af8e3272391d0ee,cms_occupational_mix_sheet_rows,65437117ec2359fbd5c3b611558de35a68eee5a92d39e3ad34ee9ef88f938500,fy_2020_nprm_ahw_by_provider_area_listing_20190315_results
cms_occupational_mix_text_lines,53954288333ed9a9653922ea58cb6aaf10f3fc5a212f72f4a9c28271fa0a7753,cms_occupational_mix_sheet_rows,23c44ca99df3a66e330635f6c6a636873907820feb3b5eab83a8d5ffea65e0a4,renamed: 3. fy26_nprm_puf.20250407.cbsaoccmix_nooccmix
cms_ipps_text_lines,5577844cebc7e63b4798b494fb9485f8ab4268d5754c747d19778f3bf5961467,cms_ipps_sheet_rows,b78a50b486c79ab1c947be05ec435745d4165e8fc95d34443b1895cc0fae9c35,cmi final fy08
cms_occupational_mix_text_lines,56e4272320b9540f1e91e3c6bb81f0e8f475581fb1c417cf01e012ffdfebf45f,cms_occupational_mix_sheet_rows,2fdc64e050ff156d04fe300375e59ed1adc4df4d9672dbfd9e5481f3fa948329,fy2015 final puerto rico ahws old cbsas
cms_ipps_text_lines,5973b514468d7f584cde91dce7b9479f6c75c727f9eb2ee4fe2c128f45355276,cms_ipps_sheet_rows,1f04abd4e179450a161636d30977c7730cad81a9991d7cb558a263ad3bd825ea,renamed: fy 2017 ipps proposed rule impact puf (data)
cms_ipps_text_lines,5b54a03a59bf0b03a52c34fb2f591f1aed33030479502cb3c5975e031044b7ee,cms_ipps_sheet_rows,cf597238dab1b14b80bf497026271a9e118b4ae20f3de80ff287fd538d3099c1,fy_2010_final_rule_impact_file_1
cms_occupational_mix_text_lines,5bb140c710e7a0bc3c1c26328fbc0a73a32591d08a512e6bd66862a204fcf3ae,cms_occupational_mix_sheet_rows,a52a99fd666c2485a65107214035a6763ca7d59075e2ee1c38ebaf1be234d0f9,renamed: fy_2021_final_s3_puf
cms_ipps_text_lines,5bcf65cf9b84dd58e3e127bfec11c4e7892b3546cb64fb7c218dee6e5b6daa6d,cms_ipps_sheet_rows,2adb7463186d18c7a9a5e1359a17b638af77821b21f750f8e3098f0be4829d2a,fy 2023 ipps proposed rule impact file
cms_occupational_mix_text_lines,5be28efdf9ee0416221273badf2709b6c3560c5a7ad07c463d8ef01a929ca701,cms_occupational_mix_sheet_rows,8072b3663cd991242b674ad3f0b7aeadf0e5d0381548c03f4df141e2a028c480,fy_2018_proposed_provoccmix_02232017
cms_ipps_text_lines,61a3cfb84973b2997ca60b2ebdce129005a9267d452db0ee984d9ca1eefacc88,cms_ipps_sheet_rows,6907b7e7517559f5fd0bab875f1b7aaab69a2448053720d6452b6c06ad67bc02,fy 2019 ipps proposed rule impact file
cms_occupational_mix_text_lines,6522e0f15c0f9614908471ba15603c89907e9d80a3cb8a124372d84a97ff8356,cms_occupational_mix_sheet_rows,9818cf2d81a6740809a9db0cd6cefc5647bcbaec591d8989b4d6aa68ff2785ea,renamed: 4. fy26_final_rule_puf.20250725.ahw_by_provider_area_listing_results_prov
cms_occupational_mix_text_lines,660262a8714e18a3c9e41438a2a4bd3aaa7d7104391eea8bb84f96f8d024b778,cms_occupational_mix_sheet_rows,100cdb9d1d74dee87b561f2e7f73f954ea979531d1e2f7980de7bed5fd65ca1a,fy_2021_final_provoccmix
cms_ipps_text_lines,66338db84fd8b02671810a662c1f9dfdac7de87708ffdb26b7175ac22078c984,cms_ipps_sheet_rows,ee77646850a0d47b805bfde7f30d60c4b21cb222d4faab691ed150b8f557fae1,provider_cmi_v28_final
cms_ipps_text_lines,695432a2cb0aa0099cb37b5936125b9f3c5b0d321edf006b88c8d34ed2acf419,cms_ipps_sheet_rows,754865fe831151f9b03b3de226302c321c32662d03b4426ff491cede035d81ce,renamed: fy 2014 final rule ipps impact puf-cn1-ifc-sept 2013_data
cms_occupational_mix_text_lines,69dc2f1b1bbf0047fdf8ef025f6bdca6cdc3323eb848f4ba8ea3c0539bad6233,cms_occupational_mix_sheet_rows,424014fbc0990fbd901e317f22507c7b4bcec1948aebe89146a3e31f0f80408b,renamed: fy_2016_nprm_s3_puf_s3 proposed data
cms_ipps_text_lines,6b212460be61373251c096877599adbad43eb6b9ac6ccabb521c0756b1edadd1,cms_ipps_sheet_rows,96a2ba863ee1c09c6482f3ec0ff575414d74176dece25d55f40ea7e1396d95d4,"fy 2012 final rule- ipps impact file puf-august 15, 2011_1"
cms_ipps_text_lines,6b73b18fb00188885fac3d40d144f86fee9ca51de2bd014acc955ba5ae3ab931,cms_ipps_sheet_rows,879c1d83691ddda1720e882e374b5d53e73c09bd0b3d992eb4ea4d11fe6c9ba2,renamed: fy 2024 ipps proposed rule impact
cms_ipps_text_lines,6e69a1f4328928b30b9cc64cbc9db6688d4ceebc1692e9465ac476799a98c4f7,cms_ipps_sheet_rows,b92aefecbe5e9dfc46fb9a30ed21d99f7d5da997666a21c8a6429a879eefdba9,renamed: fy_11_supp_proposed_impact_file
cms_occupational_mix_text_lines,6e78bc362b5361aec00d7b25aad1098bc629ef4fce52b75a7734735a2170527a,cms_occupational_mix_sheet_rows,62fd7c713da16fbc5805e5d89062f75661f7caed8c5f1d5833827ce51d637dac,fy_2017_proposed_provcbsaahw_03172016
cms_occupational_mix_text_lines,72888dec7bc01b64a324e5404a2342f5cb51c3f167eb36d9261456c19177015a,cms_occupational_mix_sheet_rows,c1fa43eb71ab86c475236b7f023bec26be5b4e605e64b66e6a35978f55cbe52e,renamed: 3. fy25_nprm_puf.20240328.cbsaoccmix_nooccmix
cms_occupational_mix_text_lines,74051c1365c20e87ba2a5cc48d93e23214518e1ef2d0f507a10c06897240d3b7,cms_occupational_mix_sheet_rows,52ba4f7be529a73a25e72adb65da9814d89eaa64d57bfb6a25c18cac0995e1b4,renamed: 4. fy26_nprm26_puf.20250325.ahw_by_provider_area_listing_prov
cms_occupational_mix_text_lines,7610a46e5f83c3e44c88dab7170caeba1939601f1aef44c3c6353777f6630fcd,cms_occupational_mix_sheet_rows,2a4c14f6019ab497e3685f2c24f7be52987c1bcf2cc259941d3a1231ad1b6f1e,fy_2019_cn_provoccmix_09282018
cms_ipps_text_lines,790d3d4fdeff97b136d6fe7203b4df3d81d1054b46b20984b992c9003bd9e821,cms_ipps_sheet_rows,9c268c5ca5db4a3f748bc1bd9cbebdd7a00bb1941e2e82772a5b9c7f945748d6,imppuf08_103107
cms_ipps_text_lines,7a9c5a00a9619463c357f68dda288e29428aadf72bf80ce209aa1612b2eaa4bd,cms_ipps_sheet_rows,6a4855a7d9df24b4e7cca2e342d937a2e51d633549570fde9c7aa9f4c03b09c8,fy 2024 ipps final rule impact file
cms_ipps_text_lines,7d8034fd98ccfb034d06a3ff80b52b1c487fa4dfe41817a2ebe1f67c6fc37732,cms_ipps_sheet_rows,26916d1bf4e4710a8a8ecd38920133c254bf8f9d0c31dffb905a6d864474e004,renamed: fy26_january_puf.20250131.s-3 data puf
cms_occupational_mix_text_lines,7e3608ce1e194f049f6260fd0bf25f0114d8e9907b32bf42541e2332ce0ea604,cms_occupational_mix_sheet_rows,8ced8e7def244e08de1698601b17310d4094449fd84abf0818a6aead5b17f6ea,fy20_nprm_provcbsaahw_20190304
cms_occupational_mix_text_lines,7f328feadd80a9c0a46ff076965a563ea04372abd8b83f4094df284e057d0eca,cms_occupational_mix_sheet_rows,b24b9903e300838962f8dab15c6a8b4672498d9776972a598a73f68298be7e93,fy22_proposedrulepuf.20210409.cbsaoccmix_nooccmix
cms_occupational_mix_text_lines,7f5223f3058ea5f06389a7c33176870dd6bbf4e23f44e291b01f23eb3041688a,cms_occupational_mix_sheet_rows,b019444d2653de68b18ff4252666cf4a80d07defd78b97c0f1036aad2ad14c68,provcbsaahw040513
cms_occupational_mix_text_lines,8131947a425006fdc1fd3351221e2a055fd115ae9fa4cdfcee4d0856bcebbd80,cms_occupational_mix_sheet_rows,0e7d1270ad035e640d79655d74ca3a69b87e629a0d87a3835b795fd7dfd04180,renamed: 1. fy25_nprm_puf.20240328.s3 data puf
cms_occupational_mix_text_lines,843c46e71e42cfb721886cd6a0a4ff9e65cbb116d09abcd0ef4bace93e6b76ef,cms_occupational_mix_sheet_rows,7659652379c100efe5f395869c375d54961644d3d7254e61a8767c2edc2b8357,fy_2019_cn_provcbsaahw_09282018
cms_occupational_mix_text_lines,889a3cc091c4434755bd62fa5276dd680e253cdf846ca68e472608a4b47e8d73,cms_occupational_mix_sheet_rows,5b0fe0662bfe7a9105718274f33bffaedf654172f64f63722fc1bff99f1087ae,fy_2018_proposed_cbsaoccmix_nooccmix_02232017
cms_occupational_mix_text_lines,899235a28ec64762091b8ea051648cafff611ae85b9f25222e7ae0ee2f14f6da,cms_occupational_mix_sheet_rows,7b91fca4ed91e82c3fa38a1501c10e7b2722852f2121e6c472fba7a1ff8938d9,fy_2022_final_cbsaoccmix_nooccmix
cms_ipps_text_lines,89d4cdbdf809553c5142f9e13ceb3ca0b3277c32bfeebca10868c4ec16a12b99,cms_ipps_sheet_rows,97e9e40babd467fc014378193d071dba7ad845c4c799a78d5e9b95ccb85ddbc1,fy 2020 nprm measure_of_impact_use_supplementary_file
cms_occupational_mix_text_lines,8b9c6e44970b9cd2abe1ae7a2a586d02c8bd35766bc4741fb48ebe5606835b50,cms_occupational_mix_sheet_rows,6d347a6d8af8c6e5c905c909657a17709bbdb90e0eff411fafe4d0932e1a7502,fy_2015_nprm_provcbsaahw
cms_occupational_mix_text_lines,8f62b81b3fa0d26c8dd1fd278610908b4ea4bcce454619c5e6211d661b3317ae,cms_occupational_mix_sheet_rows,bd8646ee2304054bd9479725081a3f403ce5eed0a8f9baafdf8ed20389a366fc,fy20_nprm_cbsaoccmix_nooccmix_20190304
cms_occupational_mix_text_lines,8f8afb3bb0de6ae87c5fceb48ef6f6a799242f8b180c97eb68b7ba75cb777f5b,cms_occupational_mix_sheet_rows,0c72bce618816eed6b0c9eec0a6395bd457758c2fa209b5fe8a45596b0560578,fy_2019_final_cbsaoccmix_nooccmix_07182018
cms_occupational_mix_text_lines,905310b554225f0f12a7594edeb83b02331a1b2d1ae96039081469c117ec3c5e,cms_occupational_mix_sheet_rows,c592a15b2bd330bf417ec2cbb36bad57fc28846588b1117be1cdd9f0d5f2498b,renamed: fy 14 s3 wage data proposed rule puf
cms_ipps_text_lines,90911ffbd9e54f0fc921f5fa0fc88a22ac83f0bb4f07f20d25c52253ffc6ac50,cms_ipps_sheet_rows,8e7a12830fe511c98c0e74a14636ec491ed3cedbdf72f03be8bbad604479570e,fy 2020 proposed rule impact file
cms_occupational_mix_text_lines,91bd98dc677bd8efa279f26f031c437b56a34029dd0a76d175fa7d961622dd5f,cms_occupational_mix_sheet_rows,080530d741d37f18abe7fe1937b2b4bbb02479d00eee0abb8eba7997fdb9c010,fy_2015_nprm_provoccmix
cms_ipps_text_lines,945940482f132a9a5c05c3bfa82c2830b76884082547f1204edf95bd43845d46,cms_ipps_sheet_rows,8159f36fa202abc8328916da414b1247d37d624700c85e2187ad5743306dbb3d,fy20 cmis - v37 billed drgs (pr 2023)
cms_ipps_text_lines,96c9fc5e5d5a06d0b13558a2f1358266b6770d80742b56ce7c040377c3c155bc,cms_ipps_sheet_rows,ec6e5d5ca546d7de4d5fef9691de47106b85ed1b8e7c412b3e9e7b278ab72401,fy 2016 ipps proposed rule impact puf 04-28-2015
cms_ipps_text_lines,98969ec49e8f76fb936e4de6f6823de1c09a91d3a7ed8ff62c365b9a33224d64,cms_ipps_sheet_rows,8a440c59904ca760d7a291d2f128d22a0d982265a7a496477c231f261e52110b,fy_10_impact_file_correction_notice_1
cms_ipps_text_lines,99e43d4c98ba75a592ee27542090284ba6d30e924d63e5db1923f1fea232da27,cms_ipps_sheet_rows,b81540bc1195a6f48c56fbd8190c7e48b7a6160a9ea72eeb1db295937fa856cb,fy 2022 proposed alternatives considered new technology thresholds
cms_ipps_text_lines,9c49b1f1cfcbd38a0acd5cff4e95c5368e9dd0f2ff4a0e10d72abcd3041aaffa,cms_ipps_sheet_rows,7a8a72b2c5efc760af18d175f552ed36fe9a0d6e63e5c10eb7372646e99ea28f,renamed: fy 2020 wage index alternatives considered puf_fy 2020 proposal alt#1 and alt#2
cms_ipps_text_lines,a1b835ad94d04c69f76bb43dc7b2a721b9655b442e18ebb61b0079c40cfcb5c4,cms_ipps_sheet_rows,cc679e82513a61e2adab1fc47445a422d5d68c209667c26e9d87f8826173fb7f,fy19 cmis - v36 billed drgs (fr 2021)
cms_ipps_text_lines,a1b835ad94d04c69f76bb43dc7b2a721b9655b442e18ebb61b0079c40cfcb5c4,cms_ipps_sheet_rows,e849aac5b555fd0099fbcd8d01e67e00b142107b8c2b5a9cba3a639d5c206ae5,fy19 cmis - v36 billed drgs (fr 2022)
cms_occupational_mix_text_lines,a230ca67dc444af79e2264309a06a654ed6b8fd4b168b1b7f4268e08f12d440d,cms_occupational_mix_sheet_rows,68efad9ca5effb3e5770ad886bacb66bf0f0822d2517f21f80fc1e2c99c396ec,cbsa_om_noom040513
cms_occupational_mix_text_lines,a2eaa778484c24b182f71e14bd8f86b988ce31d88f8be93b7dd6b4d0562aa897,cms_occupational_mix_sheet_rows,ffab7a4acbc4f5531a671f5c2a862abeeff652cceea48c7505f17d803bb2b704,fy_2016_nprm_ahw_by_provider_area_listing_04142015
cms_occupational_mix_text_lines,a43868c727b4dc36618be032fa52c0e11f117eb877a021c10b1e166f9e74c846,cms_occupational_mix_sheet_rows,c1090342c56fa0695c0e4d750083094f83ca344d9c07122b51ac52f333e72696,fy_2018_cn_provoccmix
cms_occupational_mix_text_lines,a5aea59a26eab0cc20614319556ed16f5916fd7fe5d518d921d51f814445dc44,cms_occupational_mix_sheet_rows,1b51ae4db38dde27ed5a4aff454355e2a41efe1fa587a173157fde35f6f20df0,fy_2021_final_cbsaoccmix_nooccmix
cms_ipps_text_lines,a98c266bdfd1c95208567ca1527ba28c4e045505ae51c0c0dd56471bd3a20666,cms_ipps_sheet_rows,16de31edd8953cdcb979dfd7c3af743a9f1d42ac4f78691a3a70d1f6327d8c67,cmis fn07 sept
cms_occupational_mix_text_lines,add009a4730a6cf716624bbd872c6d4b56bc8a2bf2baf00661d87d9cf1253e4b,cms_occupational_mix_sheet_rows,05cc2e4e3874a0f9677b81de1e4a615a9cd786f00ebed9fef899e55d583ea913,fy_2018_cn_cbsaoccmix_nooccmix
cms_ipps_text_lines,ae346fc52b76da8a14858a1b8b8e4cbf3029e5fc1f4d49474731ff9f57dcf9c1,cms_ipps_sheet_rows,293acc097b04703aba64917fac8b731e983b1687589662a7b7a2c0c460c16ba7,fy 2026 ipps final rule impact file
cms_occupational_mix_text_lines,b07cb1a150325e1ff11073c07b7a5f7d5d96ced2edaa027db320020723717e1b,cms_occupational_mix_sheet_rows,91a286788d6136723748b6bd848ff98bd6c44fb5ef8f78b65059d22350e8e1b9,renamed: fy_2019_nprm_s3_and_occmix_puf_s3 data
cms_occupational_mix_text_lines,b0ef78de79ff824acd8f878f93fc39e779f3b89524b566596dffba6f8ca1cca4,cms_occupational_mix_sheet_rows,cff4c4076b47f0f85578a7bf29a9ff27d7625ebbd41361bedd52c1a556b892d5,fy_2021_final_provcbsaahw
cms_occupational_mix_text_lines,b118ac8cfcf1c523cf5bf342407a53d275320e151b70203ac9478cfb12fe6229,cms_occupational_mix_sheet_rows,8ff2d537e81e177ee6c0d5160ba503d549f75acad5eba2f61b16b7b803531530,fy_2017_proposed_ahw_by_provider_area_listing_04072016
cms_ipps_text_lines,b22dbaa0849d8d05e1b40f9008d2fde40adfecbc572c8c7469ec67d7e20359cf,cms_ipps_sheet_rows,2c83e803cf4dc472872571753d127797df4934613c2aae1114274328e07cc6d6,fy 2023 proposed rule alternatives considered new technology thresholds
cms_occupational_mix_text_lines_utf16,b44d3c5c0bd5d6a4367d0270db187f312a5750417909925055abded84b473494,cms_occupational_mix_sheet_rows,804b7d501e3db14cf099ddd2d208cf684cb46b7815449d22707737507077a7ea,fy_2017_fr_provcbsaahw_06302016
cms_occupational_mix_text_lines,b4d5e179ea0ca3e98ac2d6014fadf575393c018589acd24e870e9a54256f6d59,cms_occupational_mix_sheet_rows,9186095c5c958a57ea4fd9abc52b048b50bf8a01d69c57566ed64ee2be29815c,test9mc040513
cms_occupational_mix_text_lines,b55ca7fd6d4eb147c9c444cbd0e51d611142ae364e5847b5c83a7db1bf7ed718,cms_occupational_mix_sheet_rows,5312da3c3b79882c03205b67f424f04d6868d618b7cce0e5454775c828fc3485,fy_2016_nprm_provoccmix_04142015
cms_occupational_mix_text_lines,b5fa828cba47fc9215815f75c7476775dbedc368222f28aab212e8188878ba5f,cms_occupational_mix_sheet_rows,eea57e767faaa597725ec80805bab3f5a8fd807edef6c26aa588fa010f63ccdf,fy20_final_provcbsaahw_20190801
cms_ipps_text_lines,b6d48550b53a6c75c0804dc64b6d95476a42dfb4e11de4e34b7012afe43a328c,cms_ipps_sheet_rows,2e1392dc49e3730063f7326622bd19f020d5ee13c751c7eedac4561287b22241,fy 2022 proposed alternative considered standardizing file
cms_occupational_mix_text_lines,b782510dcfcd5bbc6a3e6cf92dcfc9f900d81edfca633bf5a1e894bccaddcd70,cms_occupational_mix_sheet_rows,3125ba369b1f548e20cc892550d4b31ea140bed87f137d9c989dca3561f13c08,renamed: 1. fy26_nprm26_puf.20250325.s3 data puf
cms_ipps_text_lines,b78fe381f9f761a537bb00e40ff3d6b8c45b56003c08432f6fe7999a5e288a01,cms_ipps_sheet_rows,298e9201a7fd68f71e189835e2c2d6b68e9f79e35cbc25316ea9c858305e8ef8,fy18 cmis - v35 billed drgs (fr 2020)
cms_occupational_mix_text_lines,b989468a36204e0ac60074e59b4769c167c25e642065dc62ac53c47568aaeb78,cms_occupational_mix_sheet_rows,feb54396ccfe051f86d3d4ac92f2c7558d6352bad64f973bd6b8d88216972f86,renamed: fy22_ca_puf.20210927.s3_data_puf
cms_occupational_mix_text_lines,ba79f0e6014351174e5507b45f4a187b81d8669d265bfc40100f6ae52c97092e,cms_occupational_mix_sheet_rows,8e2f941ea7841094c8ce0b7707f7a7c7156c81ffeda38c170acb6ad39bdb4964,provcbsawith_wo_om040513
cms_occupational_mix_text_lines,bab7087aedc8040c22943858f4a2c49102913c9510eb0df2e5cd51e57c228083,cms_occupational_mix_sheet_rows,562ee253787d79da150c3fc3200c6a1e02519f22d5001eb99466c46cb88d2c66,renamed: fy_2019_final_provoccmix
cms_occupational_mix_text_lines,bb92accb4e1bb28765217d8e3140dc441109bd4a07e650fcc5ba1e682d3296bc,cms_occupational_mix_sheet_rows,866abf1bc9f7e6f6179e3814485d4a7965e4d455e006b4ca8e4e398c8ae54f37,renamed: fy_2022_final_s3_puf
cms_occupational_mix_text_lines,bb959a7935abec16a681110215ff23f09567ecad4207032b17811cd054a2a478,cms_occupational_mix_sheet_rows,e69c1bac5db288e6eeb75528cae1f692edd791932254541fa220167581e62bc9,renamed: fy26_april_puf.20250429.s-3 data puf
cms_ipps_text_lines,c1182877c22bf01c340ddba76aeb0dc4428d8b9ad3579674c54a22dc2a2cf8b3,cms_ipps_sheet_rows,0f7241d65ffee00d5f97b2303ed44ee4954eee584878acad6639eec3517a2a02,fy 2022 proposed alt. considered cost ctr ccrs and other factors
cms_ipps_text_lines,c14ac23ddd188eab6336da1aa59978a27e516f4020e70bc04957696e1ac5b666,cms_ipps_sheet_rows,b495ee55e873aedd744900b5b9d35145692401e489c9f23b59da6b092f25d55c,cmify02
cms_ipps_text_lines,c1b0e3f56460b0ca4f09ca89285bda23381c7bf02d4dea58434374b6221dedef,cms_ipps_sheet_rows,c3fc9eb7da814d83230c695d267703c3322f93299839b65e7602f00c42f9184d,fy 2025 ipps proposed rule impact file
cms_occupational_mix_text_lines,c27ce1ca0d854cd31cfeb9a6710fd36bf655ddc0e6a3a593b2bb7ae7a5561085,cms_occupational_mix_sheet_rows,c22f0d3a4ed12f403a351cdde7aa0b05c7b5407d6ffbe6606b2f82bb4e9c1837,fy_2019_cn_ahw_by_provider_area_listing_09282018
cms_occupational_mix_text_lines,c28a3b65037b9cd39768a8dc82db8b4868a0395818f8ff1415ee2cf5d45a87f3,cms_occupational_mix_sheet_rows,c1533825904210a49f1f30d46700cb58191f12ea3ddac3458554cd2c1dd89fbe,fy_2018_final_provoccmix
cms_occupational_mix_text_lines,c7e200afe53a829cd9d194eb2d2bcd1bae23bbd9546930b8fa1b0d3d0f73645b,cms_occupational_mix_sheet_rows,0818ad003b034ffa9850861a8a2fa3692493ccc801458984aed7372b6aa9b26f,fy_2018_final_provcbsaahw
cms_occupational_mix_text_lines,c8fce596103b6440b791b813fa35d0639208a35c870b4a931051866a11329566,cms_occupational_mix_sheet_rows,2321210d63d72bf922405bb42a1b571596b4a2200c27e265a25d67c22740257b,fy22_proposedrulepuf.20210409.provoccmix
cms_ipps_text_lines,c98955fbafdc764d4bc399c3cae9bdf921a454029f9a417e4c1e2f55820af855,cms_ipps_sheet_rows,7db0538f6b1fe9d9f2f9959d64377629af3c190c3c8eb071810600b00449a6de,fy 2022 ipps proposed rule impact file - alternative considered
cms_ipps_text_lines,cb45cec88d9ccec462a7b610f48402cc7420899cc12b4dbff355899b6edf44ec,cms_ipps_sheet_rows,0036d8c78fbece3d0258c4935fe825b9e40dec20b2f7ed7d089779877fc33bc1,fy23 cmis - v40 billed drgs (cn 2025)
cms_occupational_mix_text_lines,cc04444cabfbbbc8d336ee7fb36b22bd5a57005c1488612061c086467820d682,cms_occupational_mix_sheet_rows,2bdc2ce04fe6bad434650a97dc7753732f5759c7c4f4868ebdb4ae3f568077b7,renamed: fy_2019_cn_s3_puf_09282018
cms_occupational_mix_text_lines,cd724a2be742ee2d304e24c5930f28363fd2e48c0bb5d23adad71774a06e72a1,cms_occupational_mix_sheet_rows,6c8827b9040ea0de95e2b3a56132678094b730d7ace49778e32c6a89abce8be7,fy2015 final puerto rico ahws new cbsas
cms_ipps_text_lines,cd74f23f06b8248b3acfc634b621ca98b56852edc26fce9d9866a154630bcc23,cms_ipps_sheet_rows,ace93ea75326792d7815c5e9d87d262227cee4ab4ff27121559af95c59445663,fy23 cmis - v40 billed drgs (fr 2025)
cms_occupational_mix_text_lines,cfca554a45860cb497c05679ff0168cdd023ca139ead264e7c338218bb290185,cms_occupational_mix_sheet_rows,4ce8ee25330352a07f3bd80a7b78c94d8843c6d0a42afe2992b31bacac6f6020,renamed: fy20_final_cbsaoccmix_nooccmix
cms_occupational_mix_text_lines,d2f460cdc95346a8badd46d5ba043dcb489c71b29d8b15eef9559f00c508b026,cms_occupational_mix_sheet_rows,da7a319d0bb0682955fa92eb314c56c8c0be54307b0e12006202049f4cdb5355,fy22_proposedrulepuf.20210409.provcbsaahw
cms_ipps_text_lines,d6b508db8989aa3201ae9295534023e38b98bf2e83bfc00744e56167dbe343a4,cms_ipps_sheet_rows,5814b9360426cf4b240ec6008ae87a17db3644302625c0d248bda9fec2e9fbed,fy11nprmcmi
cms_occupational_mix_text_lines,d73c604a67d48a31a4b6dec3957365c92cf11159b2d82e1eee237f8179052ba7,cms_occupational_mix_sheet_rows,80ce50c3399e651609f3708d7a8052f9b26f00558925296576f00a7f9f0eca1d,fy_2017_proposed_cbsaoccmix_nooccmix_03172016
cms_ipps_text_lines,d7f389d38a5128bce016f5b83fa6595ba289a8657535271739bf43ecf9252a40,cms_ipps_sheet_rows,d7e52dae4673992859a0df3677534a7ccc99e1e035a5e790c631d9e2ecc322ea,imppuf09_080929
cms_ipps_text_lines,d831dcbcf6c921158ed76ded2dbb10c9e469cb9370d13b6d62b153bb6a92d48a,cms_ipps_sheet_rows,b466ebe40d202e415b692c85666a1b9ac6606a9e27d53b3c557e0f4a69d0e138,fy24 cmis - v41 billed drgs (fr 2026)
cms_occupational_mix_text_lines,da3b157a1e3610966ae5d5a2c2d900b6d2509d777a7d7b4c60733627aeb58e3e,cms_occupational_mix_sheet_rows,642d28ef76f6d2a4b2ea02b303b321ba8bce870d18e8004e6902f8ce362333c1,fy_2016_nprm_provcbsaahw_04142015
cms_occupational_mix_text_lines,dcaa3aafc01c314502ecf706d7f08fd86af80080901983533f68992e66feb4b6,cms_occupational_mix_sheet_rows,5737a8e4c45bcbe2f7ebb8bd4fd8ca1e6b93baf99ddf8a34556b3fc9500d3b92,fy_2017_proposed_provoccmix_03172016
cms_occupational_mix_text_lines,dcf82940787870cfb2e4b446dc616418d434d8bceabcb7d2515eaef0a164f9f7,cms_occupational_mix_sheet_rows,57d9457c2b178068bb2be1ee16b2aeb922b3e26de5f3fc2d7f32e01bba990ad8,2. fy26_nprm_puf.20250407.provoccmix_results
cms_ipps_text_lines,e103d86c718d9d22a277a8ad7bc7c237db0cf9a78cf70b4ad1b903dc62d3c3e7,cms_ipps_sheet_rows,b53b1b94f8883b2aa9b1ab60cf9993e0b307715725eaaaf804385fbb0511b455,fy 2014 final rule ipps impact puf-cn1-ifc-jan 2014
cms_ipps_text_lines,e1d9a9e951451c15a1ece42cae935ad463881ddde3d0114d4a0dd0efec0fa33e,cms_ipps_sheet_rows,9fe26d08b358a5d6f9422603e7760dacb8c00d1365baa39044401b524349cd9e,final_rule_providercmi_file_v26
cms_ipps_text_lines,e844eea7c236384cfad29a5a640ffdbae61f16dd236f249212f1190d1570c05d,cms_ipps_sheet_rows,06fea6966993489f3c02736bb7f894aa4774d5ceb5b87f272fae2200eace792a,fy2010 ipps impact file-notice_1
cms_occupational_mix_text_lines,eb55c18f6a4c15d6b17fa0186ed86832f7335b3262c61e32435b3230e3959f87,cms_occupational_mix_sheet_rows,1fe363934bb44897f4c0c02085082b5c2eba1e4a12ae65f8d9634ddb5a57f85f,fy_2016_nprm_cbsaoccmix_nooccmix_04142015
cms_ipps_text_lines,ec7344a80fd97ffb0a67d74acb0bfe28ee2ab500cce1342c155dde21dc388790,cms_ipps_sheet_rows,37b7742b11ba993b9fa66b14aaa992dd8da6382f96e5b963ae3a5b81a992616d,fy 2023 ipps proposed rule impact file - alternative considered
cms_occupational_mix_text_lines_utf16,ede9d3331395bf7b7a7f04df68cab98c7d91b76decfa826d62e6d77d6cc2c3e9,cms_occupational_mix_sheet_rows,c367dfa161bbdbd490349835f4990b8d743d9e8c02578cc3a2afb8e9fc01982c,fy_2017_fr_ahw_by_provider_area_listing_072616ml
cms_ipps_text_lines,f09451b1b1362ddf240afe7ac3de85e5c2b418e4a1d1b1f0b898598b7b485d7f,cms_ipps_sheet_rows,4b7e75bfffb44529f5578f44eebde9c7168614f130d862f10c55dfb2cce325d7,fy_2012_final_cmi
cms_ipps_text_lines,f233b7baaf66270d7840ee81b74444321b7bd69a581ddb03cbe4979aed0a2f5e,cms_ipps_sheet_rows,88e5b4f7fe1f805d96795fdc45406b0ba7aff6627710f7f50f8efc83f5ca1541,fy23 cmis - v40 billed drgs (pr 2025)
cms_occupational_mix_text_lines,f23a22172abc743c6bc8dda6a6c9514f4adc66d0bba190c100968c40a5a5fe47,cms_occupational_mix_sheet_rows,d97ad61f9e062d19dcd32bdf8a256ceb781309ec8a62af1ecb0c730ad1afe224,renamed: 2. fy26.final_rule_puf.20250725.provoccmix
cms_occupational_mix_text_lines,f38a4ab12be614d527ad0db95ced9fb19a5ac5746e77cb7556540c039b2d7cf3,cms_occupational_mix_sheet_rows,65d4faa4fd5d1e40ab3f24eae88f8a4027237c63a601c5628250c5764a409044,renamed: fy20_final_provoccmix
cms_occupational_mix_text_lines,f3977c56da282d571808d0833f07d62f96660087218090ac4d6f1aed00a6de64,cms_occupational_mix_sheet_rows,44c04524458115cdd7dd6d4d8d33527dd19df8b1c952eec01502973a6a194112,fy_2019_nprm_provoccmix_03232018
cms_ipps_text_lines,f4b0d23dcf87bb8ee08936032fa39ea6c33b12d43333153dbc02fd876ba11877,cms_ipps_sheet_rows,09a5c1443d5a59c2ae23ea24aa962ba7049a499c7687491a9207bd574b5f3849,alternative considered ms-drg relative weights and los
cms_ipps_text_lines,f62d00df8dbf82b7278eb8bd3e7dee9ef43338864a3063326f6f72fa6d01770d,cms_ipps_sheet_rows,882e6abab13459a22e82156f33dddad39562301bbe34349f1777673e484fcbe5,fr 2019 cmis (fy'17 v34 billed drgs)
cms_occupational_mix_text_lines_utf16,f63209f6566691ebd97a522843c12c523885387e663378ffeb935f4def0c3a7d,cms_occupational_mix_sheet_rows,400bfbfa9bfd30f46c2cb5290139163e9e1409d7238e29d65d977fb956e3906a,fy_2017_fr_provoccmix_06302016
cms_occupational_mix_text_lines,f677b51c32163741574727f1114caa181e37930dcf3287d53a8cf2fd7170524f,cms_occupational_mix_sheet_rows,dae88f4bef9e0a69b8b2624483e5215c3842f25254d514a848c99e3742b8c7c7,renamed: 3. fy26.final_rule_puf.20250725.cbsaoccmix_nooccmix
cms_ipps_text_lines,f7a4f028093b690c13dc972135772c966474d49a96b3e740992b756ce746733a,cms_ipps_sheet_rows,417141f44aa80fff5251b91f2465d31c25875d76f42f9000902e15cc966d7867,fy 2011 final rule- ipps impact file puf_1
cms_occupational_mix_text_lines,f9cee489b85853708debf7d68706f35888b7c8a5f47ffea6ac78c49d4249e9e0,cms_occupational_mix_sheet_rows,2b5392294092cffa0b9f47e9b58da07e698214a0cc3b1f38f567266403d3f9f3,renamed: 4. fy25_nprm_puf.20240404.ahw_by_provider_area_listing_20240404 prov
cms_ipps_text_lines,fb7bf781a2d849219fc04b00dab250675219e920c40e5af07743541c37d05996,cms_ipps_sheet_rows,026ed101a869c3790be863b32109da84e7d0fb8fdfebc017b9959950ea375a9c,fy22 cmis - v39 billed drgs (pr 2024)
