measure_control,condition_code,condition_label,geography_level,value_unit
C258.01,2,Acute Myocardial Infarction,county,percent
C258.02,1,"Alzheimer's Disease, Related Disorders, or Senile Dementia",county,percent
C258.03,147,Anemia,county,percent
C258.04,4,Asthma,county,percent
C258.05,11,Atrial Fibrillation,county,percent
C258.06,148,Benign Prostatic Hyperplasia,county,percent
C258.07,5,"Cancer, Colorectal, Breast, Prostate, Lung",county,percent
C258.08,78,Cancer - Breast,county,percent
C258.09,79,Cancer - Colorectal,county,percent
C258.10,149,Cancer - Endometrial,county,percent
C258.11,80,Cancer - Lung,county,percent
C258.12,81,Cancer - Prostate,county,percent
C258.13,150,Cancer - Urologic,county,percent
C258.14,151,Cataract,county,percent
C258.15,12,Chronic Kidney Disease,county,percent
C258.16,13,Chronic Obstructive Pulmonary Disease,county,percent
C258.17,14,Depression,county,percent
C258.18,15,Diabetes,county,percent
C258.19,24,Disability (reason for Medicare eligibility),county,percent
C258.20,25,End-stage renal disease (reason for Medicare eligibility),county,percent
C258.21,153,Glaucoma,county,percent
C258.22,16,Heart Failure and Non-Ischemic Heart Disease,county,percent
C258.23,152,Hip/Pelvic Fracture,county,percent
C258.24,18,Hyperlipidemia,county,percent
C258.25,17,Hypertension,county,percent
C258.26,154,Hypothyroidism,county,percent
C258.27,19,Ischemic Heart Disease,county,percent
C258.28,20,Obesity,county,percent
C258.29,21,Osteoporosis With or Without Pathological Fracture,county,percent
C258.30,155,Parkinson's Diseases and Secondary Parkinsonism,county,percent
C258.31,156,"Pneumonia, All-cause",county,percent
C258.32,3,Rheumatoid Arthritis/Osteoarthritis,county,percent
C258.33,22,Schizophrenia and Other Psychotic Disorders,county,percent
C258.34,23,Stroke/Transient Ischemic Attack,county,percent
C258.35,6,0 of the claims-based conditions,county,percent
C258.36,7,1 of the claims-based conditions,county,percent
C258.37,8,2 of the claims-based conditions,county,percent
C258.38,9,3+ of the claims-based conditions,county,percent
C258.39,72,Congenital and Developmental Conditions,county,percent
C258.40,42,"ADHD, Conduct Disorders, and Hyperkinetic Syndrome",county,percent
C258.41,44,Autism Spectrum Disorders,county,percent
C258.42,47,Cerebral Palsy,county,percent
C258.43,48,Cystic Fibrosis and Other Metabolic Developmental Disorders,county,percent
C258.44,55,Intellectual Disabilities and Related Conditions,county,percent
C258.45,56,Learning Disabilities,county,percent
C258.46,73,Liver Conditions,county,percent
C258.47,58,"Liver Disease, Cirrhosis and Other Liver Conditions (except Viral Hepatitis)",county,percent
C258.48,53,Viral Hepatitis (General),county,percent
C258.49,43,Anxiety Disorders,county,percent
C258.50,45,Bipolar Disorder,county,percent
C258.51,49,Depressive Disorders,county,percent
C258.52,64,Personality Disorders,county,percent
C258.53,65,Post-Traumatic Stress Disorder (PTSD),county,percent
C258.54,41,Schizophrenia,county,percent
C258.55,69,Tobacco Use Disorders,county,percent
C258.56,109,Overarching Opioid Use Disorder,county,percent
C258.57,110,Diagnosis- and Procedure-code basis for OUD,county,percent
C258.58,111,Opioid-related Hospitalizations/ED Visits,county,percent
C258.59,112,Utilization of Medication-Assisted Therapy (MAT),county,percent
C258.60,75,Mobility Limitations and Chronic Pain Conditions,county,percent
C258.61,51,"Fibromyalgia, Chronic Pain and Fatigue",county,percent
C258.62,60,Mobility Impairments,county,percent
C258.63,61,Multiple Sclerosis and Transverse Myelitis,county,percent
C258.64,62,Muscular Dystrophy,county,percent
C258.65,76,Neurological Conditions,county,percent
C258.66,50,Epilepsy,county,percent
C258.67,59,Migraine and Other Chronic Headache,county,percent
C258.68,67,Spina Bifida and Other Congenital Anomalies of the Nervous System,county,percent
C258.69,68,Spinal Cord Injury,county,percent
C258.70,46,Traumatic Brain Injury and Nonpsychotic Mental Disorders due to Brain Damage,county,percent
C258.71,77,Other Chronic or Disabling Conditions,county,percent
C258.72,54,Human Immunodeficiency Virus and/or Acquired Immunodeficiency Syndrome (HIV/AIDS),county,percent
C258.73,57,Leukemias and Lymphomas,county,percent
C258.74,66,Peripheral Vascular Disease (PVD),county,percent
C258.75,70,Pressure Ulcers and Chronic Ulcers,county,percent
C258.76,71,Sensory - Blindness and Visual Impairment,county,percent
C258.77,52,Sensory - Deafness and Hearing Impairment,county,percent
C258.78,144,Sickle Cell Disease,state,per_100000
C258.79,63,Other Developmental Delays,county,percent
C258.80,136,Alcohol Use Disorders,county,percent
C258.81,137,Drug Use Disorders,county,percent
