measure_control,field,rule,denominator_field,drg_codes,review_decision
C038,tot_dschrgs,value,,,retain_conditional
C042,tot_days,ratio,tot_dschrgs,,retain_conditional
C076,bene_avg_risk_scre,value,,,retain_conditional
C077,bene_avg_age,value,,,retain_conditional
C078,bene_age_lt_65_cnt,ratio,tot_benes,,retain_conditional
C079,bene_age_65_74_cnt,ratio,tot_benes,,retain_conditional
C080,bene_age_75_84_cnt,ratio,tot_benes,,retain_conditional
C081,bene_age_gt_84_cnt,ratio,tot_benes,,retain_conditional
C082,bene_feml_cnt,ratio,tot_benes,,retain_conditional
C083,bene_dual_cnt,ratio,tot_benes,,retain_conditional
C084,bene_race_api_cnt,ratio,tot_benes,,retain_conditional
C084,bene_race_black_cnt,ratio,tot_benes,,retain_conditional
C084,bene_race_hspnc_cnt,ratio,tot_benes,,retain_conditional
C084,bene_race_natind_cnt,ratio,tot_benes,,retain_conditional
C084,bene_race_othr_cnt,ratio,tot_benes,,retain_conditional
C084,bene_race_wht_cnt,ratio,tot_benes,,retain_conditional
C085,tot_benes,value,,,retain_conditional
C086,tot_dschrgs,ratio,tot_benes,,retain_conditional
C087,tot_dschrgs,value,,,retain_conditional
C088,tot_cvrd_days,value,,,retain_conditional
C089,bene_cc_ph_diabetes_v2_pct,value,,,retain_conditional
C090,bene_cc_ph_ckd_v2_pct,value,,,retain_conditional
C091,bene_cc_ph_copd_v2_pct,value,,,retain_conditional
C092,bene_cc_ph_asthma_v2_pct,value,,,retain_conditional
C093,bene_cc_ph_cancer6_v2_pct,value,,,retain_conditional
C094,bene_cc_ph_hf_nonihd_v2_pct,value,,,retain_conditional
C095,bene_cc_ph_ischemicheart_v2_pct,value,,,retain_conditional
C096,bene_cc_ph_afib_v2_pct,value,,,retain_conditional
C097,bene_cc_ph_stroke_tia_v2_pct,value,,,retain_conditional
C098,bene_cc_bh_alz_nonalzdem_v2_pct,value,,,retain_conditional
C099,bene_cc_ph_parkinson_v2_pct,value,,,retain_conditional
C100,bene_cc_ph_hypertension_v2_pct,value,,,retain_conditional
C101,bene_cc_ph_hyperlipidemia_v2_pct,value,,,retain_conditional
C102,bene_cc_ph_osteoporosis_v2_pct,value,,,retain_conditional
C103,bene_cc_ph_arthritis_v2_pct,value,,,retain_conditional
C104,bene_cc_bh_tobacco_v1_pct,value,,,retain_conditional
C105,bene_cc_bh_alcohol_drug_v1_pct,value,,,retain_conditional
C106,bene_cc_bh_anxiety_v1_pct,value,,,retain_conditional
C107,bene_cc_bh_bipolar_v1_pct,value,,,retain_conditional
C108,bene_cc_bh_mood_v2_pct,value,,,retain_conditional
C109,bene_cc_bh_depress_v1_pct,value,,,hold_definition
C110,bene_cc_bh_pd_v1_pct,value,,,retain_conditional
C111,bene_cc_bh_ptsd_v1_pct,value,,,retain_conditional
C112,bene_cc_bh_schizo_othpsy_v1_pct,value,,,retain_conditional
C113,bene_cc_bh_adhd_othcd_v1_pct,value,,,retain_conditional
C114,,hold,,,hold_observations
C115,,hold,,,hold_definition
C116,,hold,,,hold_observations
C117,tot_dschrgs,drg_share,tot_dschrgs,870 871 872,retain_conditional
C118,,hold,,,closed_not_predictor
