member_sha256,bronze_table,release_id,release_label,period_start,period_end
d0543ba7a4f6a41bd47cadb4e6c4f9db949307202c404979670e72756cbb185c,cms_change_of_ownership,CMS_CHOW__20260929T032847Z__ca11d6c34f5c4f1ab697d059d24a11ea,Hospital Change of Ownership : 2022-03-31,2022-01-01,2022-03-31
bf177b7c8398099646e1164c8866e3655c0145b7d0f30fd62e891e595b02cccf,cms_change_of_ownership,CMS_CHOW__20260929T032846Z__a83b9b3135e84649b105d4075d9518e5,Hospital Change of Ownership : 2022-06-30,2022-04-01,2022-06-30
66d9d3bd281acd5c32071acfa4988252bce057d9e57052ff94c6ce5da1d2ccf9,cms_change_of_ownership,CMS_CHOW__20260929T032844Z__af46f37367e14eedb133817a8d2c2ac9,Hospital Change of Ownership : 2022-09-30,2022-07-01,2022-09-30
d7cdb22720814c10b339eb993f57874682dabcb5555841a38344742141883a34,cms_change_of_ownership,CMS_CHOW__20260929T032843Z__d0e588734a544622a4dd42d0c58a24e4,Hospital Change of Ownership : 2022-12-30,2022-10-01,2022-12-31
2108b20561c8d1f857b65e8cdfc966659a515101f1d00f52822688932fe04cdb,cms_change_of_ownership,CMS_CHOW__20260929T032842Z__fc8501e3ddc642da8c2bcb158f0e10e8,Hospital Change of Ownership : 2023-03-31,2023-01-01,2023-03-31
029e27158b70ef6acb67ab3fb3c1eb668feb2f44f02ec49936a0aceaf28db363,cms_change_of_ownership,CMS_CHOW__20260929T032840Z__a8c0806ab73c4f6997eb1ba484120de7,Hospital Change of Ownership : 2023-06-30,2023-04-01,2023-06-30
3f3321aa27a12ddf4f9e126e1b23dd63889d970ba23243eddea0036d2803307f,cms_change_of_ownership,CMS_CHOW__20260929T032839Z__14aa255db28d41d7906445e178341028,Hospital Change of Ownership : 2023-09-30,2023-07-01,2023-09-30
120fa9f6d50d40498f90e2138231148fea01d0e2e0db3d711cc96703a6bd05bd,cms_change_of_ownership,CMS_CHOW__20260929T032837Z__e27bac959e49436fb539a37ed78a5fe3,Hospital Change of Ownership : 2023-12-31,2023-10-01,2023-12-31
6bb2af40f1193618b6a69bc4fa0dad0693e7a228426bc272b34dde20a7248a7c,cms_change_of_ownership,CMS_CHOW__20260929T032835Z__89c2fe083b6242048c65f76c6bfc619c,Hospital Change of Ownership : 2024-03-31,2024-01-01,2024-03-31
073800afa37ba31d9aa39520dc3673b116df794993a218fd6ff031b68205b113,cms_change_of_ownership,CMS_CHOW__20260929T032834Z__36a6c0789a564ff1b250ce1525e1d46c,Hospital Change of Ownership : 2024-06-01,2024-04-01,2024-06-30
604cd12b620f3d05e6243428725ace6d69efa1c509d0f6aa1b654f2e579fc69a,cms_change_of_ownership,CMS_CHOW__20260929T032832Z__f35a3038e4c14da1b553c405de38eabf,Hospital Change of Ownership : 2024-09-01,2024-07-01,2024-09-30
f19c8f3f98331559748ed4971ac5da5403514f9c76597d4a7e735572063caf82,cms_change_of_ownership,CMS_CHOW__20260929T032831Z__fa4b82889b5f4c0cbf724e0f6fdf8c57,Hospital Change of Ownership : 2024-12-01,2024-10-01,2024-12-31
3ff97f6a0c2d43f6a81a8ffd2a317de3df4d47dcbf7b2f1732160fcc65860a68,cms_change_of_ownership,CMS_CHOW__20260929T032829Z__5e30bd279a4748339b6765250a24238e,Hospital Change of Ownership : 2025-03-01,2025-01-01,2025-03-31
c6a26f5b4794503f0a3c03246ac2615a887ece2ca53399de9b43e1346b24a044,cms_change_of_ownership,CMS_CHOW__20260929T032827Z__948a510bdc0343328a382348293c4d19,Hospital Change of Ownership : 2025-06-01,2025-04-01,2025-06-30
8ce3610cf1fce3307c7a439c575c311f62aeb3ed84a29b4ad82422fac458ff06,cms_change_of_ownership,CMS_CHOW__20260929T032826Z__14be3e01f3d146e7874c8ec9eab9fec3,Hospital Change of Ownership : 2025-09-01,2025-07-01,2025-09-30
7c7c9ecaab0cb122592e320ee45bc0da52b52dbc9f8a1136e8e2c05199cd2495,cms_change_of_ownership,CMS_CHOW__20260929T032824Z__5e8c72ca8b7d4b13bc17c8cdbfcea59c,Hospital Change of Ownership : 2025-12-01,2025-10-01,2025-12-31
1a12c3d52c5bf7555fe23190da00cc85a769a3c758a35f4b16056f0f6427f6b7,cms_change_of_ownership,CMS_CHOW__20260929T032823Z__1e07ddeff043480f9f1808365931e3f0,Hospital Change of Ownership : 2026-03-01,2026-01-01,2026-03-31
f23bf19be0a37850cf1f9ff8d002d8845bbf9802c054be5d738087547d828002,cms_change_of_ownership,CMS_CHOW__20260929T032821Z__5e2661e3966f479e964012858f58f69c,Hospital Change of Ownership : 2026-06-01,2026-04-01,2026-06-30
27fe99c1203b612db4a95c32e0ac7cb8f216a3888f6d309740aa4f38a4974b9e,cms_hospital_enrollments,ENROLL__20260929T033004Z__09f694facf9344aaa21487170befcb73,Hospital Enrollments : 2022-11-21,2022-11-01,2022-11-30
88dfc0fa9dd768552a22e2c7c1e0d612f0b44400a11645f864c808a9aa173bab,cms_hospital_enrollments,ENROLL__20260929T033002Z__0d61a4224b5f47af8cb26ec1aab51b9b,Hospital Enrollments : 2023-01-01,2023-01-01,2023-01-31
9a4228a8098a9405b19e982bf2e8e52d70a798b23598db81c61e7c9f9030289f,cms_hospital_enrollments,ENROLL__20260929T033001Z__ecb91ba9c188416e86e9af46b7a08b0c,Hospital Enrollments : 2023-02-15,2023-02-01,2023-02-28
843f4f1d9d2863470477a5c15f7e3b2a41d80a448db663e4440030ef790cb705,cms_hospital_enrollments,ENROLL__20260929T032959Z__8aa5d81dacfd4d5388d3f8e3ef0cee6e,Hospital Enrollments : 2023-03-15,2023-03-01,2023-03-31
0fdd0845c9f98e1069202566ed94ff6ce8632520ddc4fa3ff9f4d6a2ac120481,cms_hospital_enrollments,ENROLL__20260929T032958Z__8fc36924ebe74800aed52adc26ce0c7d,Hospital Enrollments : 2023-04-14,2023-04-01,2023-04-30
80483c1d7d24a56f175b9f84a9f99b5ced523c42c9ac629a4215ad810f3e71a8,cms_hospital_enrollments,ENROLL__20260929T032956Z__c60cb103d682454fa88222afd85dbf29,Hospital Enrollments : 2023-05-01,2023-05-01,2023-05-31
bfcc21cebe6f6f3f1160819e0dcd8607fe716acc9ef71bbcae28c28d7345ed4f,cms_hospital_enrollments,ENROLL__20260929T032954Z__cb10b6e3537347908ceb6621029c5052,Hospital Enrollments : 2023-06-15,2023-06-01,2023-06-30
a79519b482a4250ea5210ec1b83a3f6c30417698e06a8150be4288472276b225,cms_hospital_enrollments,ENROLL__20260929T032953Z__7751c42e115a49fa9d091926bc8fea4a,Hospital Enrollments : 2023-07-17,2023-07-01,2023-07-31
efe112e67efe29274b435308d105f74f17f4f2f32022fa47c9b236c9ad588b78,cms_hospital_enrollments,ENROLL__20260929T032951Z__9e0e0b43065240ab8b5a7b9d1951248f,Hospital Enrollments : 2023-08-01,2023-08-01,2023-08-31
e15eefc23ebb2a3bdece856c29028f7672b0521c84d0bbe75121e3a009c22ce7,cms_hospital_enrollments,ENROLL__20260929T032950Z__4f9e274065e3413eba9ac69843c82ad3,Hospital Enrollments : 2023-09-15,2023-09-01,2023-09-30
9347e0de4561fd0f660b06300e018bd34336bb2ca477d50866e06157da200e7e,cms_hospital_enrollments,ENROLL__20260929T032948Z__7832120fd22e46b49da9dd39eb8e4e09,Hospital Enrollments : 2023-10-02,2023-10-01,2023-10-31
0acf0b92be7082154c136dc7bbe83a1dbd0853cdb718dbab7038308f1bfa335d,cms_hospital_enrollments,ENROLL__20260929T032946Z__453a633fb4d34c1ca9f1c1c78db5db9a,Hospital Enrollments : 2023-11-01,2023-11-01,2023-11-30
201bf09cf2aaf1d10f73c6a05c96e54d7224a181177f4d43646dce43e68086cb,cms_hospital_enrollments,ENROLL__20260929T032945Z__315c2b0f569e453e8fa1bbb818a6611b,Hospital Enrollments : 2023-12-01,2023-12-01,2023-12-31
17506099f1ab5a0dfabbab1f5d216e52aac5181042b2d089a4c8e74c97a072ee,cms_hospital_enrollments,ENROLL__20260929T032943Z__32d6ef8957b04c3398a19c45c5e3133e,Hospital Enrollments : 2024-01-05,2024-01-01,2024-01-31
904bccee6b12c5681445157280598af62a943a7244379ea169419fe19a5099ba,cms_hospital_enrollments,ENROLL__20260929T032941Z__e420a671bcc14df78db3f56f7d36c75b,Hospital Enrollments : 2024-02-01,2024-02-01,2024-02-29
ec6a313d2a95f6c05518cf37310c24e403a7afb6b7e6805fd35dfa3e1a0ff132,cms_hospital_enrollments,ENROLL__20260929T032939Z__666dba46044e42dd9a24fbf8ab0d18f6,Hospital Enrollments : 2024-03-01,2024-03-01,2024-03-31
3479d510e1a7ce760adee96d21c730f8932f8fcff26d90a8cad479d9860fd489,cms_hospital_enrollments,ENROLL__20260929T032937Z__6ff507e144654ef58657dc90723cce63,Hospital Enrollments : 2024-04-01,2024-04-01,2024-04-30
37280d345cb2b56abe419e8fbce776617decdecccf7de542b10ffbb6e77973bb,cms_hospital_enrollments,ENROLL__20260929T032935Z__71e6152e3f2b4dde8659375facaaac95,Hospital Enrollments : 2024-05-01,2024-05-01,2024-05-31
af3fe4283c4408f358e4df72ea2091ce9baed3b99dc6385bab946a9e14f45489,cms_hospital_enrollments,ENROLL__20260929T032934Z__88029a0befd24c4baa875cfcb6adc026,Hospital Enrollments : 2024-06-03,2024-06-01,2024-06-30
59bb4028b62dcce43beaaeeb813d87e2531be0da0af49c70370efc41eaf36d9e,cms_hospital_enrollments,ENROLL__20260929T032933Z__a2ace88257644c11801dfb521f5fa929,Hospital Enrollments : 2024-07-01,2024-07-01,2024-07-31
4b615e18138644d10e901d1fa8ac9a0d80bef04a11e3873019f2fe50760d85c3,cms_hospital_enrollments,ENROLL__20260929T032931Z__53ab83a81c45450d901f8a6de9dd61a7,Hospital Enrollments : 2024-08-01,2024-08-01,2024-08-31
4e40b691ea79b87011bc0deb28824898c0e681da475874a227c6455a10668223,cms_hospital_enrollments,ENROLL__20260929T032930Z__6f15cb5d25d74526b571888a6a1238a7,Hospital Enrollments : 2024-09-01,2024-09-01,2024-09-30
48ded8d91629e2fbfd7a1c36aaf0bd01bb0f5a0c6503734fde060527652d2034,cms_hospital_enrollments,ENROLL__20260929T032928Z__f01d8cc87a33416d8154039f2dd02b15,Hospital Enrollments : 2024-10-01,2024-10-01,2024-10-31
2f8cbdef4fc39f4841bf49cd5bab158ce0288751ff5071310e6d98178ee6abe4,cms_hospital_enrollments,ENROLL__20260929T032927Z__af35fc76bd0748cbaba404b7700db2ff,Hospital Enrollments : 2024-11-01,2024-11-01,2024-11-30
9b1d29f2990f8ed9c9102e5c11c5be49487d64fc39a1f95f67215eaa832eab09,cms_hospital_enrollments,ENROLL__20260929T032925Z__177f9cdcd6be4ed1a84d6dad0bf5d251,Hospital Enrollments : 2024-12-01,2024-12-01,2024-12-31
44238386bf6a9ced350b3f9edd34872300fb238f22ab3c1759d163cda7816c83,cms_hospital_enrollments,ENROLL__20260929T032923Z__0b08b77114224879bce28da53dda27cc,Hospital Enrollments : 2025-01-01,2025-01-01,2025-01-31
3b529ba7041cba9cc7b05aca6361e9c3faec7480eacab747b9e077be70dc66c7,cms_hospital_enrollments,ENROLL__20260929T032921Z__c65797741cf14deeb8f62c7091ab9616,Hospital Enrollments : 2025-02-01,2025-02-01,2025-02-28
2b550bee6a1c0a59c91258f4bc4fa325584150d1f9321c74bb44435a4bf0c0bb,cms_hospital_enrollments,ENROLL__20260929T032918Z__ed4fce6bcd7441f4b5c609ac6439198b,Hospital Enrollments : 2025-03-01,2025-03-01,2025-03-31
d0a5170b362454e3e5723af3d45e62e7eae2fd0f5323cffab632809588249ff3,cms_hospital_enrollments,ENROLL__20260929T032916Z__98e3fe6c308d44f293afe09aa6a6afec,Hospital Enrollments : 2025-04-01,2025-04-01,2025-04-30
0006275aa41d33c8b51a4441069bdca2cecfcee1e06505cdc8c10973797283b5,cms_hospital_enrollments,ENROLL__20260929T032914Z__d055cbeabadc41a8b1709acba83d933c,Hospital Enrollments : 2025-05-01,2025-05-01,2025-05-31
66b95cf4ac111fb69e53c2754b2ddb2cf99ba795b5f43009d4b2fc1b6c73ca99,cms_hospital_enrollments,ENROLL__20260929T032912Z__cb8ec6a3495748d1b613f757f3cf7353,Hospital Enrollments : 2025-06-01,2025-06-01,2025-06-30
016e1e2112df984bf1a5f8d0d732c2dbdbba9a52a606a89a52d128069f1bb3ad,cms_hospital_enrollments,ENROLL__20260929T032911Z__b9901bc55ef9433f90f9c864d4403f33,Hospital Enrollments : 2025-07-01,2025-07-01,2025-07-31
14978cb330fbe7482454c949a1da0ca292ee6c7ccbf8dd797f7837843ef2d7b6,cms_hospital_enrollments,ENROLL__20260929T032909Z__97125b9f11b04503ab9ec24e3751332d,Hospital Enrollments : 2025-08-01,2025-08-01,2025-08-31
f08f3f8f7dab5f1e5a0ed04b9e682f24451c5254ff28f87828a141a1c4fe43cf,cms_hospital_enrollments,ENROLL__20260929T032907Z__e0599dd9f63f4848a1fad425b9162eb7,Hospital Enrollments : 2025-09-01,2025-09-01,2025-09-30
f827a5976e53c02c67d03daa81a4072e1fc3b0693f4d80910910ebc0506c7f66,cms_hospital_enrollments,ENROLL__20260929T032906Z__469c61d0132445f7b3acfd7b43fcc53b,Hospital Enrollments : 2025-10-01,2025-10-01,2025-10-31
2715c8ac227e66b5a8a9bd00c0a4750da68705161b9ce26e8e59b58a671f865f,cms_hospital_enrollments,ENROLL__20260929T032903Z__602fb34d44d6435f8a509a71729f1be4,Hospital Enrollments : 2025-11-01,2025-11-01,2025-11-30
c0a1788e7a1226033bcc239c1e08ea7d26393cddc4211ad38097023a7e9bb340,cms_hospital_enrollments,ENROLL__20260929T032901Z__b734021c5eb8403c88c1f367b46b46f3,Hospital Enrollments : 2025-12-01,2025-12-01,2025-12-31
48803bc93c8dfa2a3d5c589bed28ba978b71e50c7708d9df77a7a4dbc2cb9c0d,cms_hospital_enrollments,ENROLL__20260929T032900Z__5e663c4651c944309362dc7deda25a87,Hospital Enrollments : 2026-01-01,2026-01-01,2026-01-31
8d1f2ff2b3e5cddec23a0ab194c6c4792736f70093ac984e227269d6fe1231d8,cms_hospital_enrollments,ENROLL__20260929T032858Z__12fc218564334ba7a2e28958554093d0,Hospital Enrollments : 2026-02-01,2026-02-01,2026-02-28
031fc0b171df6ca96d9484b1c057b2ccc9d07c8a94f668bccead997b774d56d3,cms_hospital_enrollments,ENROLL__20260929T032856Z__09b8472550544e3cb55c293316846ccd,Hospital Enrollments : 2026-03-01,2026-03-01,2026-03-31
70a6ad7144a9c4f5f25c49f2d12941d2fd8bb31bf9465172ee40c545cec12de0,cms_hospital_enrollments,ENROLL__20260929T032854Z__b9a2a67ffda8440ca7c403693a6f7f75,Hospital Enrollments : 2026-04-01,2026-04-01,2026-04-30
220bf4e645fd2ec724fad576a79bc997553b80f7636b4fccaa957ecfc5258f0b,cms_hospital_enrollments,ENROLL__20260929T032852Z__a73b243ab2e64c5f8bbd9ef5f2f619ff,Hospital Enrollments : 2026-05-01,2026-05-01,2026-05-31
34290505313b517493f2eb1623b77797618782d259f16d94dd65734164ec2a83,cms_hospital_enrollments,ENROLL__20260929T032850Z__802520b9eaab40428da767816230fbe0,Hospital Enrollments : 2026-07-01,2026-07-01,2026-07-31
b62b961e03f90c5513b8b6a3e597fb871e42afb62960c757b82899539017000c,cms_hospital_enrollments,ENROLL__20260929T032849Z__b31d0fbf5ced4416bfd13c01fbac0037,Hospital Enrollments : 2026-08-01,2026-08-01,2026-08-31
da87dcbeaf6da24660da5095e99f2fd726af2c88989e1f148ff37ee792146af9,cms_hospital_owners,CMS_OWNERS_ORG__20260929T153714Z__36e80182ea31ec3a66af4a62d92eca46,Hospital All Owners : 2022-11-14,2022-11-01,2022-11-30
62e658f0ce2cfe76ad2163cd377116f5d9377c308ddb568e71efbe2ec27f5cf8,cms_hospital_owners,CMS_OWNERS_ORG__20260929T153716Z__e6ba97605c17f0c9a47412be6fbb5c3c,Hospital All Owners : 2023-01-02,2023-01-01,2023-01-31
823f234c32788cb6c680e2991a4b24a1f85acb03df3f21501080b632135da227,cms_hospital_owners,CMS_OWNERS_ORG__20260929T153718Z__f77da635897b42cf193e302e69350ef4,Hospital All Owners : 2023-02-16,2023-02-01,2023-02-28
a41ddc27b7f3ca47788ee8d433fabca5be3b432a8ae035813b7250c757e41b51,cms_hospital_owners,CMS_OWNERS_ORG__20260929T153720Z__38358e07135c69de7d28e48f749733b1,Hospital All Owners : 2023-03-16,2023-03-01,2023-03-31
d1bb8d72500e7c6209324250348e07f83323b41cccd6fd98080bfdce263059df,cms_hospital_owners,CMS_OWNERS_ORG__20260929T153722Z__f40358ff614b9335a11f4734f512e6e1,Hospital All Owners : 2023-04-15,2023-04-01,2023-04-30
5602779df4220f386398f24f1816f593b1030b4f71a2b42bcd50619ab60d8bfd,cms_hospital_owners,CMS_OWNERS_ORG__20260929T153724Z__8f69139627d6bd8349da3482f18b08fe,Hospital All Owners : 2023-05-02,2023-05-01,2023-05-31
4925a2143aece09c7aff573b8677db2a8ed9cd6eb500234f647310471afe7169,cms_hospital_owners,CMS_OWNERS_ORG__20260929T153726Z__d72fcebfd95256f00fae7c0fbb7e18d4,Hospital All Owners : 2023-06-16,2023-06-01,2023-06-30
84cc9f7945bc900af677acfa1cea9a48352769dca786c46c99faba2fbe419edd,cms_hospital_owners,CMS_OWNERS_ORG__20260929T153728Z__72b8c1a78ec27b261be97600972341d5,Hospital All Owners : 2023-07-18,2023-07-01,2023-07-31
e3639af4496bf5f0196d581193a0669a03f7c7b85d3097c6113dd79963882075,cms_hospital_owners,CMS_OWNERS_ORG__20260929T153730Z__0b548c5f17b1f80093ee0aaab2eb7759,Hospital All Owners : 2023-08-02,2023-08-01,2023-08-31
32f277ac31f28d9538e0926996b113d8b5c160007a9f35877563f02afee6d94e,cms_hospital_owners,CMS_OWNERS_ORG__20260929T153732Z__ac716e106bb87de2cb005f25b2e733c9,Hospital All Owners : 2023-09-16,2023-09-01,2023-09-30
32bef778f85ebbd0d980afddc08efffb77d594c8e6840cde04f14ef9c00be72e,cms_hospital_owners,CMS_OWNERS_ORG__20260929T153735Z__1025b226af52581291f7cceec679a798,Hospital All Owners : 2023-10-03,2023-10-01,2023-10-31
6ee371a704cb19a58566e6f1980e1230162a5dbc2c2932d88b5c1e6a37cbf07d,cms_hospital_owners,CMS_OWNERS_ORG__20260929T153738Z__9092782a71514bb72250b30d2d7490b7,Hospital All Owners : 2023-11-02,2023-11-01,2023-11-30
6c9b207f1a3824f51e9c963df0c6b59574180bac09615c73369d6235de9f93ce,cms_hospital_owners,CMS_OWNERS_ORG__20260929T153740Z__de31b46fbe9fbffc0355149c022c380a,Hospital All Owners : 2023-12-02,2023-12-01,2023-12-31
40c2725f4fcafa3039511b8c9fa2ac2ed02b36ba93aec67282c1a68030941a7f,cms_hospital_owners,CMS_OWNERS_ORG__20260929T153742Z__89f015b156b253616165257c59b87edd,Hospital All Owners : 2024-01-06,2024-01-01,2024-01-31
c4cca50c581482c05af954e4ac76453a2071eed0e15bf11e7a3b3cfc5c48927c,cms_hospital_owners,CMS_OWNERS_ORG__20260929T153745Z__cbff605f1ce23f79cc708cdeeec9bed9,Hospital All Owners : 2024-02-02,2024-02-01,2024-02-29
60f26f972d975fcef349e5b33728fdd4f017df97710bb623db3d0c40daef153f,cms_hospital_owners,CMS_OWNERS_ORG__20260929T153748Z__45b18d32ca48423b06f56525aab7e38c,Hospital All Owners : 2024-03-02,2024-03-01,2024-03-31
d38728e373a3e3f3e0e750571814a5cd290d25de7eb4d1a78314211593354037,cms_hospital_owners,CMS_OWNERS_ORG__20260929T153750Z__aa7d8cdf4a9d2c9c07a1ebaea3d1f23f,Hospital All Owners : 2024-04-02,2024-04-01,2024-04-30
ff1ad6deb4fc461e45fd35076823b06f7bb358d916c7c979be8f5e427723d3dd,cms_hospital_owners,CMS_OWNERS_ORG__20260929T153753Z__419cc6f753fdb5c95967552cc8ac2ecc,Hospital All Owners : 2024-05-02,2024-05-01,2024-05-31
134d2bd199f7515be9a08c6d821da82f38af6d45cef9598075a1e7748e0face7,cms_hospital_owners,CMS_OWNERS_ORG__20260929T153755Z__7fbb30ce77bba0581d1f78b76b700d23,Hospital All Owners : 2024-06-04,2024-06-01,2024-06-30
d46fa47d59d7d9c771dfb6409239378f94c100810594bbaa214613b172a81061,cms_hospital_owners,CMS_OWNERS_ORG__20260929T153757Z__c53be892aa96f07f06dd7d5d991b93eb,Hospital All Owners : 2024-07-02,2024-07-01,2024-07-31
cfa06000adca430b17390b75837157159ca236f3f2bb986c473d1977273b6d30,cms_hospital_owners,CMS_OWNERS_ORG__20260929T153759Z__c03a133b6e4ca64b74b824c62f881473,Hospital All Owners : 2024-08-02,2024-08-01,2024-08-31
c61e0f0f3d19c0f9c0ae0d6c58c3f1f5aa39b5c3b13a2ad729a53121188132b3,cms_hospital_owners,CMS_OWNERS_ORG__20260929T153802Z__239d33925309f6c44d8ce232c3910470,Hospital All Owners : 2024-09-02,2024-09-01,2024-09-30
5e1d3f770b6cae4b3d39dc3b9112732fcd3bb0d3f99abe4bf0f87965d1aaaa6c,cms_hospital_owners,CMS_OWNERS_ORG__20260929T153805Z__812da9d4c2a41059897fb3abf919da20,Hospital All Owners : 2024-10-02,2024-10-01,2024-10-31
3567f895d67cb328a4cd3fff3177088f35dbeea8955b6c8e3eed797ba3f1f9a4,cms_hospital_owners,CMS_OWNERS_ORG__20260929T153808Z__ac9bc9657c076e6e445433b9e554bcdd,Hospital All Owners : 2024-11-02,2024-11-01,2024-11-30
078ed32d29df7578c85515431493b419d52db01d1fb701ebc60633a8eaeb82a6,cms_hospital_owners,CMS_OWNERS_ORG__20260929T153811Z__20dfe765f6ac580563348a9bf369cf92,Hospital All Owners : 2024-12-02,2024-12-01,2024-12-31
6c3a3fc5fb65bdc1cdfcf47ff71e841fa10cedac0de84589ad83373571b2c3b4,cms_hospital_owners,CMS_OWNERS_ORG__20260929T153813Z__744c10d0128f72912c6c39169dd9c11d,Hospital All Owners : 2025-01-02,2025-01-01,2025-01-31
64b7f011b8ceaf2b9ac377b410ca654d1939c42c93db876b06346ddec53dcc52,cms_hospital_owners,CMS_OWNERS_ORG__20260929T153816Z__bd905c5c6b2f8f6a426cb57680253a82,Hospital All Owners : 2025-02-02,2025-02-01,2025-02-28
be548e73c956af065e5256342c2d3d14888cab108e1b3531307dc11c7ca74170,cms_hospital_owners,CMS_OWNERS_ORG__20260929T153819Z__169891906730c7222714390ce9ebd3ba,Hospital All Owners : 2025-03-02,2025-03-01,2025-03-31
cdbea7ef350ceb2f996683cea7e156570b9a8aa7d588c1e7519e11f1387779c3,cms_hospital_owners,CMS_OWNERS_ORG__20260929T153821Z__a5083adbf1d44200104ac8b8784ac32b,Hospital All Owners : 2025-04-02,2025-04-01,2025-04-30
e3e9bdea550a3dadd703a161393e3523a6e00c5ef4c1d06e64b717945abd04b4,cms_hospital_owners,CMS_OWNERS_ORG__20260929T153824Z__1e061298cc5c581ee41938979b7c5a09,Hospital All Owners : 2025-05-02,2025-05-01,2025-05-31
460d1a92af4e10944b5341b125c40fac063d2c9d8578a6e2289b4ef96bb5fedb,cms_hospital_owners,CMS_OWNERS_ORG__20260929T153826Z__25f2dc36ef1d5a8cf97d79f94b60ab69,Hospital All Owners : 2025-06-02,2025-06-01,2025-06-30
4b364add9fc969c73732ab3cadd5144e13a014d654ffd353762e9665b090473e,cms_hospital_owners,CMS_OWNERS_ORG__20260929T153830Z__fece6d00af9b8d56e272d661694a7b8a,Hospital All Owners : 2025-07-02,2025-07-01,2025-07-31
30fa71e9b837937629ffa17bca3e23eb800b0dfdfef321825a78ad222aeea4bf,cms_hospital_owners,CMS_OWNERS_ORG__20260929T153832Z__5c422231e37571d25577285744dd1b5e,Hospital All Owners : 2025-08-02,2025-08-01,2025-08-31
01bea727b0b0c4d3644ef68bd050f9fcafcdb9f7ca689a951cdb3a9f10555416,cms_hospital_owners,CMS_OWNERS_ORG__20260929T153835Z__d289d244aa6689f67624b21cc916f3b1,Hospital All Owners : 2025-09-02,2025-09-01,2025-09-30
67b90f0229ae8e90ae182c36709673a3f8091c66ceec0cddcce0c02fa14e6b77,cms_hospital_owners,CMS_OWNERS_ORG__20260929T153837Z__5550dcbace4544c4eee4626a319e7b29,Hospital All Owners : 2025-10-02,2025-10-01,2025-10-31
70724cf6061fd2c6fd6ec0b56ca7195463a99c8a6e579b05ab70ab28bff5bbec,cms_hospital_owners,CMS_OWNERS_ORG__20260929T153840Z__c57f2e306ef86dcda288e24659314d5a,Hospital All Owners : 2025-11-02,2025-11-01,2025-11-30
4b03ae51b018387aae31bf01a2927192be5a9327553409102e48ab9ea77bf83f,cms_hospital_owners,CMS_OWNERS_ORG__20260929T153842Z__a0272aab9b7470cee2b6fb0e8320de5a,Hospital All Owners : 2025-12-02,2025-12-01,2025-12-31
d95597db1ce9a39cefbabe26af37fbc2ae19188dfc68db610ae94f3156eedb77,cms_hospital_owners,CMS_OWNERS_ORG__20260929T153845Z__fd55458d16c6e1b43b99b0c07a62b567,Hospital All Owners : 2026-01-02,2026-01-01,2026-01-31
b7907cca3d80d718ab52030f9a43a80bb08e00187869495a3b97bd8db3611b5a,cms_hospital_owners,CMS_OWNERS_ORG__20260929T153847Z__46d733906897db1f2b6ec3466c4ddafd,Hospital All Owners : 2026-02-02,2026-02-01,2026-02-28
a92405ced7ff4d52648616e5a8cce24516a52847d7f69d4377658ccdf2b6c857,cms_hospital_owners,CMS_OWNERS_ORG__20260929T153850Z__61cda5361bab5d54814b0ae7665067c1,Hospital All Owners : 2026-03-02,2026-03-01,2026-03-31
960f1d52279a54f4cd07b8cfeec015c4a15cdac32f625ace167d8980e627abe1,cms_hospital_owners,CMS_OWNERS_ORG__20260929T153853Z__15423d3e55761a037046c9cd804d8b68,Hospital All Owners : 2026-04-02,2026-04-01,2026-04-30
acfb5a681c5569099bd5cbf249bcb3b3608d361583f30cf800385d9b93236b86,cms_hospital_owners,CMS_OWNERS_ORG__20260929T153855Z__9e691ff63dfb592186ec0ecaac8d0546,Hospital All Owners : 2026-05-02,2026-05-01,2026-05-31
eafa024631760cb218029972a0e03be4ab8455efa280b1811dd5246bfe7f319d,cms_hospital_owners,CMS_OWNERS_ORG__20260929T153858Z__89e4478ab19a1ef23386f6c2c70b1523,Hospital All Owners : 2026-07-01,2026-07-01,2026-07-31
b08a261b31b20c8af502c3cf38354c09f2bd866f37bbffdda7c5d964fd3d3912,cms_hospital_owners,CMS_OWNERS_ORG__20260929T153901Z__ebefb491b773ebc2790fbed39ccabf4b,Hospital All Owners : 2026-08-01,2026-08-01,2026-08-31
