member_sha256,release_id,file_name,period_start,period_end
7a43bbda9e78ae0936b3758613db17ac0c6be504996f5f5e8e99aeccff2f0cc2,CMS_POS__20260924T054345Z__1ecdab74a9c44ad2a15d815ae5a20db6,POS_OTHER_DEC11.csv,2011-10-01,2011-12-31
05fceca2a8c2b8fd1911fd7bfe7e9e4cb4bd2d5e92371c799de09acbac358b68,CMS_POS__20260924T054247Z__9e84e3164b5047228f363777676b848c,POS_OTHER_DEC12_0.csv,2012-10-01,2012-12-31
0ef89367aafc4bc2c7362f485a8ecd1d9e96c4802f9463eb67e285532dd27a04,CMS_POS__20260924T054154Z__17d6e4bd95df4967b8358ff35782beb8,POS_OTHER_DEC13.csv,2013-10-01,2013-12-31
7091b593780fbf6c82746606fc2f858e83cc31e0715d0dc321fcf9f0869921af,CMS_POS__20260924T054110Z__c6eac92656da4db4a889e36d3c67718b,POS_OTHER_DEC14.csv,2014-10-01,2014-12-31
8a9a6c397d5581f31ac33a6234844a6f3420e497d3d5166c3a07295823f53801,CMS_POS__20260924T054016Z__ff5827d58f0548dba393fab5a92a30b4,POS_OTHER_DEC15.csv,2015-10-01,2015-12-31
4087dac4e68141534634732b4648f126517b890575c5e4ded792b5d16043ad75,CMS_POS__20260924T053912Z__c2b668775a0f4e35a62f10e24b58b7ed,POS_OTHER_DEC16.csv,2016-10-01,2016-12-31
2a43fa976b3ba24cc704cd0c728301d713e194f061af5fbbda249f5224a69bad,CMS_POS__20260924T053748Z__d4dc0e43cfe44448a23f81172b68417e,pos_other_dec17.csv,2017-10-01,2017-12-31
7a921601bf33278923ff470a883bd7ab8f1be8277ca6cb9f0bb168a74f63831d,CMS_POS__20260924T053702Z__75890bbee8384b99b51e0c9ebfe17c37,POS_OTHER_DEC18.csv,2018-10-01,2018-12-31
5f85671160dcb71f88a8ebb73ab574ed46beba99def456ec9c80aca6f7ed4883,CMS_POS__20260924T053415Z__a6768c71624e40089e8874b1af6f801a,POS_OTHER_MAR19.csv,2019-01-01,2019-03-31
1eb7f06763eafa3738c803552fd3e1b579c5358fc174f7d2f380ba673ca17f68,CMS_POS__20260924T053212Z__fea74ff5136f4ed992b415b96944d670,POS_OTHER_JUN19.csv,2019-04-01,2019-06-30
efad865865e10894bd6825357e05da91ee00480ef4ec7f1b4d35fcc2e4fccca5,CMS_POS__20260924T053052Z__8404147af0754d20ba99184345cccbbc,POS_OTHER_SEP19.csv,2019-07-01,2019-09-30
2b29108a2809470547e114ed873c4935a00ff42db879a219d0be21d87d76c47e,CMS_POS__20260924T052956Z__083006d00a9d47b6b77480de20c129ed,POS_OTHER_DEC19.csv,2019-10-01,2019-12-31
eae7a21fdf6afde107a621b5dc390f1ec6cb99803d5a69db6d7505abe2b3406c,CMS_POS__20260924T052819Z__f3636272416c4a9d8ea79f852f6f1ce1,POS_OTHER_MAR20.csv,2020-01-01,2020-03-31
0f1089388953b222bc15417cecc1417531775fc90c471e7c87800de917922657,CMS_POS__20260924T052728Z__0150860175d74cebab35d961c568a337,Provider_of_Services_File_-_OTHER_-_June_2020.csv,2020-04-01,2020-06-30
bcbced614d6ba340d1c1e8b687e3e59e9fa770076f3a9bcc3739dac6cfa1103c,CMS_POS__20260924T052618Z__dcc3820e5ef04fe99e39d79068d511ed,pos_other_sep20.csv,2020-07-01,2020-09-30
0095f8bab8498569b8465c7da5f2c419f1e437e49a0b8b6207b225c134006b05,CMS_POS__20260924T052527Z__b3414d9ef02842b7a25c495c94fdc5c4,pos_other_Dec20.csv,2020-10-01,2020-12-31
6f55f4d144ee5f32cc5c992ebf697cfd4e471f8dbaa29ba5a586ca44bc922046,CMS_POS__20260924T052359Z__d548b1d273b040379637c9e46b4a91b0,provider_of_services_file_-_other_-_march_2021-2.csv,2021-01-01,2021-03-31
440127c3bb8d8ae087302c861b6dad293458164444948d4a43c3e0540f4cb666,CMS_POS__20260924T052217Z__8ab9fb03f2d34f16be25eab7d9e0654c,provider_of_services_file_hospital_non_hospital_facilities_2021_06_30.csv,2021-04-01,2021-06-30
9b0d240f84c864f9a5d9a98802b314b4aa5feb9d9d364286b5fffb84f2b7b078,CMS_POS__20260924T052049Z__95c42f2b83144fe69e7de82bd4df99e0,POS_OTHER_SEP21.csv,2021-07-01,2021-09-30
3e95662aad765481487441c9c5d4d079f6cba649064e3703b68f4bdda6f202c3,CMS_POS__20260924T051948Z__d028798565664e1a9eedfb0ee5eb1d83,POS_OTHER_DEC21.csv,2021-10-01,2021-12-31
abff6a97449d8096fa84407100cf53c75e769162712bb0f3c3d4bd456684e4b8,CMS_POS__20260924T051631Z__c23a12c1290d48adaa54c3840def42c3,POS_OTHER_MAR22_0.csv,2022-01-01,2022-03-31
4f00e31c9ef07d73a96fcb508e412012a8c932d4ec3230e886e4e120d9f0428e,CMS_POS__20260924T051504Z__e962d40b0eab48958bf2bdf6fa00fb19,OTHER_Q2Y22.csv,2022-04-01,2022-06-30
e0af1cc9c25ba03d70253474eebc27f7b10167e518248db596e6df4259031058,CMS_POS__20260924T051402Z__069814358c604b0db63a942261b6484f,OTHER_Q3Y22.csv,2022-07-01,2022-09-30
e8a5d43e0b138078b50a4b7469a9d5b2b6b2b109e6fe7c9009235cd9d09116c6,CMS_POS__20260924T051309Z__189a21abfd3c434386424e4e8120164c,POS_OTHER_DEC22.csv,2022-10-01,2022-12-31
a25b5f7c463ed2e03e678755a150b280ab93d3270ded040a73123724abb7b30b,CMS_POS__20260924T051211Z__17d191c1169145cdb010d9a5b0a85616,POS_OTHER_MAR23.csv,2023-01-01,2023-03-31
7d2c8fc69a31fe412adea936928d4e8d42faab12c8286f387c0a0a5f2bc008fa,CMS_POS__20260924T051120Z__aced76665b734977aa84fb18d9a6b82b,POS_OTHER_JUN23.csv,2023-04-01,2023-06-30
d72a0d0b5c1f892ae720bcd4af23e658cf1c1b40f878504776f2175989ee2ba5,CMS_POS__20260924T051001Z__d5cf1f0120af479ea8dd6c51a5e5afe7,POS_OTHER_Sep23.csv,2023-07-01,2023-09-30
b284d7929be00b9418aeaa87fcee65c854231512784265a5bc95bf862963bb21,CMS_POS__20260924T050902Z__cdee3bba8bf546fe89a2091df622d8f5,other_data_yr23.csv,2023-10-01,2023-12-31
bb8096cf7d280b633ee6e30b42d40990e2d449e2c07164f08b6a466967377af4,CMS_POS__20260924T050744Z__fd2d2927c26a4c7b8a74412c1629f49a,other_data_mar24.csv,2024-01-01,2024-03-31
e64078424ae00c35a226e73a341f7fbe99ea0c4e561012d65c3ac70765eaf9f8,CMS_POS__20260924T050559Z__5fed2f986d8d403bad3c3e41a4fddd5d,other_data_Q2_2024.csv,2024-04-01,2024-06-30
d1ca73ef7e8757c621c5d3b3deef7d080f3c092d32a6897f5a5c6a90c38b2b64,CMS_POS__20260924T050449Z__615442ec3e664b289ca764217cb24c40,other_data_Q3_2024.csv,2024-07-01,2024-09-30
25cbd95b347dfc92130d4a4a3bc7c79dc7bbd8fbd1a16fc294029f22e7bfcb09,CMS_POS__20260924T050333Z__b1d2c5d25cbd40d79565cbcb12d86eb5,PQWB.POSQ.OTHER.DATA.DEC24.csv,2024-10-01,2024-12-31
2a5908261f26fe9a1f7e583232ea7a40fa20d8cee90b469c2d8e890222dfe64b,CMS_POS__20260924T050205Z__e62b95958ca0423facb269a9ae76f794,Hospital_and_Other_data_Q2_2025.csv,2025-04-01,2025-06-30
effc482c3be187f563bcb468434c09fc589b848bdb37cd238c77374daa414d75,CMS_POS__20260924T050138Z__4952dffbd8bf4edea0bd6aca52340b1c,Hospital_and_other.DATA.Q3_2025.csv,2025-07-01,2025-09-30
32b84da5c1ec9737d9f62dc4e1d397e9c60b78051d971048d899a005c6b8841e,CMS_POS__20260924T050108Z__cc0f4b15cfbb400caf55c70d0875f7b7,Hospital_and_other.DATA.Q4_2025.csv,2025-10-01,2025-12-31
dc6edee436a33d69771874fb2b2cf80d142343b653a4754f047cd33663608550,CMS_POS__20260924T050047Z__4105bafb811f4384b4c22b5f6beb0b52,Hospital_and_other.DATA.Q1_2026.csv,2026-01-01,2026-03-31
bcfb9c680f02fdc05a4c82b90e434ad96bb52ea0a1f04eb424bb3dad5a9ffe3d,CMS_POS__20260924T050025Z__b2a52214d9bd4750a56728aa75ec2f99,Hospital_and_other.DATA.Q2_2026.csv,2026-04-01,2026-06-30
