measure_control,family,source_model,source_measure_id,value_column,footnote_column,review_decision
C119,S14,int_cc_hcahps_windows,H_COMP_1_A_P,hcahps_answer_percent,hcahps_answer_percent_footnote,retain_conditional
C120,S14,int_cc_hcahps_windows,H_NURSE_LISTEN_A_P,hcahps_answer_percent,hcahps_answer_percent_footnote,retain_conditional
C121,S14,int_cc_hcahps_windows,H_NURSE_EXPLAIN_A_P,hcahps_answer_percent,hcahps_answer_percent_footnote,retain_conditional
C122,S14,int_cc_hcahps_windows,H_NURSE_RESPECT_A_P,hcahps_answer_percent,hcahps_answer_percent_footnote,retain_conditional
C123,S14,int_cc_hcahps_windows,H_COMP_2_A_P,hcahps_answer_percent,hcahps_answer_percent_footnote,retain_conditional
C124,S14,int_cc_hcahps_windows,H_DOCTOR_LISTEN_A_P,hcahps_answer_percent,hcahps_answer_percent_footnote,retain_conditional
C125,S14,int_cc_hcahps_windows,H_DOCTOR_EXPLAIN_A_P,hcahps_answer_percent,hcahps_answer_percent_footnote,retain_conditional
C126,S14,int_cc_hcahps_windows,H_DOCTOR_RESPECT_A_P,hcahps_answer_percent,hcahps_answer_percent_footnote,retain_conditional
C127,S14,int_cc_hcahps_windows,H_COMP_5_A_P,hcahps_answer_percent,hcahps_answer_percent_footnote,retain_conditional
C128,S14,int_cc_hcahps_windows,H_MED_FOR_A_P,hcahps_answer_percent,hcahps_answer_percent_footnote,retain_conditional
C129,S14,int_cc_hcahps_windows,H_SIDE_EFFECTS_A_P,hcahps_answer_percent,hcahps_answer_percent_footnote,retain_conditional
C130,S14,int_cc_hcahps_windows,H_COMP_6_Y_P,hcahps_answer_percent,hcahps_answer_percent_footnote,retain_conditional
C131,S14,int_cc_hcahps_windows,H_DISCH_HELP_Y_P,hcahps_answer_percent,hcahps_answer_percent_footnote,retain_conditional
C132,S14,int_cc_hcahps_windows,H_SYMPTOMS_Y_P,hcahps_answer_percent,hcahps_answer_percent_footnote,retain_conditional
C133,S14,int_cc_hcahps_windows,H_CLEAN_HSP_A_P,hcahps_answer_percent,hcahps_answer_percent_footnote,retain_conditional
C134,S14,int_cc_hcahps_windows,H_QUIET_HSP_A_P,hcahps_answer_percent,hcahps_answer_percent_footnote,retain_conditional
C135,S14,int_cc_hcahps_windows,H_HSP_RATING_9_10,hcahps_answer_percent,hcahps_answer_percent_footnote,retain_conditional
C136,S14,int_cc_hcahps_windows,H_RECMND_DY,hcahps_answer_percent,hcahps_answer_percent_footnote,retain_conditional
C137,S14,int_cc_hcahps_windows,H_COMP_3_A_P,hcahps_answer_percent,hcahps_answer_percent_footnote,retain_conditional
C138,S14,int_cc_hcahps_windows,H_COMP_7_SA,hcahps_answer_percent,hcahps_answer_percent_footnote,retain_conditional
C139,S14,int_cc_hcahps_windows,H_STAR_RATING,survey_response_rate_percent,survey_response_rate_percent_footnote,retain_conditional
C140,S14,int_cc_hcahps_windows,H_STAR_RATING,number_of_completed_surveys,number_of_completed_surveys_footnote,retain_conditional
C141,S15,int_cc_timely_effective_windows,EDV,score,footnote,retain_conditional
C142,S15,int_cc_timely_effective_windows,OP_18a,score,footnote,retain_conditional
C143,S15,int_cc_timely_effective_windows,OP_18b,score,footnote,retain_conditional
C144,S15,int_cc_timely_effective_windows,OP_18c,score,footnote,retain_conditional
C145,S15,int_cc_timely_effective_windows,OP_18d,score,footnote,retain_conditional
C146,S15,int_cc_timely_effective_windows,OP_22,score,footnote,retain_conditional
C147,S15,int_cc_timely_effective_windows,OP_23,score,footnote,retain_conditional
C148,S15,int_cc_timely_effective_windows,OP_29,score,footnote,retain_conditional
C149,S15,int_cc_timely_effective_windows,SEP_1,score,footnote,retain_conditional
C150,S15,int_cc_timely_effective_windows,SEV_SEP_3HR,score,footnote,hold_definition
C151,S15,int_cc_timely_effective_windows,SEV_SEP_6HR,score,footnote,hold_definition
C152,S15,int_cc_timely_effective_windows,SEP_SH_3HR,score,footnote,hold_definition
C153,S15,int_cc_timely_effective_windows,SEP_SH_6HR,score,footnote,hold_definition
C154,S15,int_cc_timely_effective_windows,IMM_3,score,footnote,retain_conditional
C155,S15,int_cc_timely_effective_windows,VTE_1,score,footnote,retain_conditional
C156,S15,int_cc_timely_effective_windows,VTE_2,score,footnote,retain_conditional
C157,S15,int_cc_timely_effective_windows,STK_02,score,footnote,retain_conditional
C158,S15,int_cc_timely_effective_windows,STK_03,score,footnote,retain_conditional
C159,S15,int_cc_timely_effective_windows,STK_05,score,footnote,retain_conditional
C160,S15,int_cc_timely_effective_windows,SAFE_USE_OF_OPIOIDS,score,footnote,retain_conditional
C161,S15,int_cc_timely_effective_windows,GMCS,score,footnote,hold_observations
C162,S15,int_cc_timely_effective_windows,GMCS_Malnutrition_Screening,score,footnote,hold_observations
C163,S15,int_cc_timely_effective_windows,GMCS_Nutrition_Assessment,score,footnote,hold_observations
C164,S15,int_cc_timely_effective_windows,GMCS_Malnutrition_Diagnosis_Documented,score,footnote,hold_observations
C165,S15,int_cc_timely_effective_windows,GMCS_Nutritional_Care_Plan,score,footnote,hold_observations
C166,S15,int_cc_timely_effective_windows,OP_40,score,footnote,retain_conditional
C171,S15,int_cc_timely_effective_windows,HH_HYPER,score,footnote,comparison_only
C172,S15,int_cc_timely_effective_windows,HH_HYPO,score,footnote,comparison_only
C173,S15,int_cc_timely_effective_windows,HH_ORAE,score,footnote,comparison_only
C174,S15,int_cc_timely_effective_windows,OP_31,score,footnote,comparison_only
C167,S16,int_cc_maternal_windows,SM_7,score,footnote,retain_conditional
C168,S16,int_cc_maternal_windows,PC_02,score,footnote,hold_observations
C169,S16,int_cc_maternal_windows,PC_07a,score,footnote,hold_observations
C170,S16,int_cc_maternal_windows,PC_07b,score,footnote,hold_observations
C284,S13,int_hgi_hospital_releases,,hospital_overall_rating,hospital_overall_rating_footnote,exclude_primary
