measure_control,family,source_model,components,review_decision
C249,S23,int_hpsa_components,hpsa_id designation_type hpsa_status designation_date last_update_date withdrawn_date,retain_conditional
C250,S23,int_hpsa_components,hpsa_score hpsa_id designation_type hpsa_status designation_date,retain_conditional
C251,S23,int_mua_components,mua_id designation_type mua_status designation_date update_date withdrawal_date imu_score,retain_conditional
C258,S27,int_mmd_prevalence,measure_control data_year geography_level county_fips state_fips value_number value_unit denominator_band is_possible_suppression,hold_definition
C258.01,S27,int_mmd_prevalence,measure_control data_year geography_level county_fips state_fips value_number value_unit denominator_band is_possible_suppression,hold_definition
C258.02,S27,int_mmd_prevalence,measure_control data_year geography_level county_fips state_fips value_number value_unit denominator_band is_possible_suppression,hold_definition
C258.03,S27,int_mmd_prevalence,measure_control data_year geography_level county_fips state_fips value_number value_unit denominator_band is_possible_suppression,hold_definition
C258.04,S27,int_mmd_prevalence,measure_control data_year geography_level county_fips state_fips value_number value_unit denominator_band is_possible_suppression,hold_definition
C258.05,S27,int_mmd_prevalence,measure_control data_year geography_level county_fips state_fips value_number value_unit denominator_band is_possible_suppression,hold_definition
C258.06,S27,int_mmd_prevalence,measure_control data_year geography_level county_fips state_fips value_number value_unit denominator_band is_possible_suppression,hold_definition
C258.07,S27,int_mmd_prevalence,measure_control data_year geography_level county_fips state_fips value_number value_unit denominator_band is_possible_suppression,hold_definition
C258.08,S27,int_mmd_prevalence,measure_control data_year geography_level county_fips state_fips value_number value_unit denominator_band is_possible_suppression,hold_definition
C258.09,S27,int_mmd_prevalence,measure_control data_year geography_level county_fips state_fips value_number value_unit denominator_band is_possible_suppression,hold_definition
C258.10,S27,int_mmd_prevalence,measure_control data_year geography_level county_fips state_fips value_number value_unit denominator_band is_possible_suppression,hold_definition
C258.11,S27,int_mmd_prevalence,measure_control data_year geography_level county_fips state_fips value_number value_unit denominator_band is_possible_suppression,hold_definition
C258.12,S27,int_mmd_prevalence,measure_control data_year geography_level county_fips state_fips value_number value_unit denominator_band is_possible_suppression,hold_definition
C258.13,S27,int_mmd_prevalence,measure_control data_year geography_level county_fips state_fips value_number value_unit denominator_band is_possible_suppression,hold_definition
C258.14,S27,int_mmd_prevalence,measure_control data_year geography_level county_fips state_fips value_number value_unit denominator_band is_possible_suppression,hold_definition
C258.15,S27,int_mmd_prevalence,measure_control data_year geography_level county_fips state_fips value_number value_unit denominator_band is_possible_suppression,hold_definition
C258.16,S27,int_mmd_prevalence,measure_control data_year geography_level county_fips state_fips value_number value_unit denominator_band is_possible_suppression,hold_definition
C258.17,S27,int_mmd_prevalence,measure_control data_year geography_level county_fips state_fips value_number value_unit denominator_band is_possible_suppression,hold_definition
C258.18,S27,int_mmd_prevalence,measure_control data_year geography_level county_fips state_fips value_number value_unit denominator_band is_possible_suppression,hold_definition
C258.19,S27,int_mmd_prevalence,measure_control data_year geography_level county_fips state_fips value_number value_unit denominator_band is_possible_suppression,hold_definition
C258.20,S27,int_mmd_prevalence,measure_control data_year geography_level county_fips state_fips value_number value_unit denominator_band is_possible_suppression,hold_definition
C258.21,S27,int_mmd_prevalence,measure_control data_year geography_level county_fips state_fips value_number value_unit denominator_band is_possible_suppression,hold_definition
C258.22,S27,int_mmd_prevalence,measure_control data_year geography_level county_fips state_fips value_number value_unit denominator_band is_possible_suppression,hold_definition
C258.23,S27,int_mmd_prevalence,measure_control data_year geography_level county_fips state_fips value_number value_unit denominator_band is_possible_suppression,hold_definition
C258.24,S27,int_mmd_prevalence,measure_control data_year geography_level county_fips state_fips value_number value_unit denominator_band is_possible_suppression,hold_definition
C258.25,S27,int_mmd_prevalence,measure_control data_year geography_level county_fips state_fips value_number value_unit denominator_band is_possible_suppression,hold_definition
C258.26,S27,int_mmd_prevalence,measure_control data_year geography_level county_fips state_fips value_number value_unit denominator_band is_possible_suppression,hold_definition
C258.27,S27,int_mmd_prevalence,measure_control data_year geography_level county_fips state_fips value_number value_unit denominator_band is_possible_suppression,hold_definition
C258.28,S27,int_mmd_prevalence,measure_control data_year geography_level county_fips state_fips value_number value_unit denominator_band is_possible_suppression,hold_definition
C258.29,S27,int_mmd_prevalence,measure_control data_year geography_level county_fips state_fips value_number value_unit denominator_band is_possible_suppression,hold_definition
C258.30,S27,int_mmd_prevalence,measure_control data_year geography_level county_fips state_fips value_number value_unit denominator_band is_possible_suppression,hold_definition
C258.31,S27,int_mmd_prevalence,measure_control data_year geography_level county_fips state_fips value_number value_unit denominator_band is_possible_suppression,hold_definition
C258.32,S27,int_mmd_prevalence,measure_control data_year geography_level county_fips state_fips value_number value_unit denominator_band is_possible_suppression,hold_definition
C258.33,S27,int_mmd_prevalence,measure_control data_year geography_level county_fips state_fips value_number value_unit denominator_band is_possible_suppression,hold_definition
C258.34,S27,int_mmd_prevalence,measure_control data_year geography_level county_fips state_fips value_number value_unit denominator_band is_possible_suppression,hold_definition
C258.35,S27,int_mmd_prevalence,measure_control data_year geography_level county_fips state_fips value_number value_unit denominator_band is_possible_suppression,hold_definition
C258.36,S27,int_mmd_prevalence,measure_control data_year geography_level county_fips state_fips value_number value_unit denominator_band is_possible_suppression,hold_definition
C258.37,S27,int_mmd_prevalence,measure_control data_year geography_level county_fips state_fips value_number value_unit denominator_band is_possible_suppression,hold_definition
C258.38,S27,int_mmd_prevalence,measure_control data_year geography_level county_fips state_fips value_number value_unit denominator_band is_possible_suppression,hold_definition
C258.39,S27,int_mmd_prevalence,measure_control data_year geography_level county_fips state_fips value_number value_unit denominator_band is_possible_suppression,hold_definition
C258.40,S27,int_mmd_prevalence,measure_control data_year geography_level county_fips state_fips value_number value_unit denominator_band is_possible_suppression,hold_definition
C258.41,S27,int_mmd_prevalence,measure_control data_year geography_level county_fips state_fips value_number value_unit denominator_band is_possible_suppression,hold_definition
C258.42,S27,int_mmd_prevalence,measure_control data_year geography_level county_fips state_fips value_number value_unit denominator_band is_possible_suppression,hold_definition
C258.43,S27,int_mmd_prevalence,measure_control data_year geography_level county_fips state_fips value_number value_unit denominator_band is_possible_suppression,hold_definition
C258.44,S27,int_mmd_prevalence,measure_control data_year geography_level county_fips state_fips value_number value_unit denominator_band is_possible_suppression,hold_definition
C258.45,S27,int_mmd_prevalence,measure_control data_year geography_level county_fips state_fips value_number value_unit denominator_band is_possible_suppression,hold_definition
C258.46,S27,int_mmd_prevalence,measure_control data_year geography_level county_fips state_fips value_number value_unit denominator_band is_possible_suppression,hold_definition
C258.47,S27,int_mmd_prevalence,measure_control data_year geography_level county_fips state_fips value_number value_unit denominator_band is_possible_suppression,hold_definition
C258.48,S27,int_mmd_prevalence,measure_control data_year geography_level county_fips state_fips value_number value_unit denominator_band is_possible_suppression,hold_definition
C258.49,S27,int_mmd_prevalence,measure_control data_year geography_level county_fips state_fips value_number value_unit denominator_band is_possible_suppression,hold_definition
C258.50,S27,int_mmd_prevalence,measure_control data_year geography_level county_fips state_fips value_number value_unit denominator_band is_possible_suppression,hold_definition
C258.51,S27,int_mmd_prevalence,measure_control data_year geography_level county_fips state_fips value_number value_unit denominator_band is_possible_suppression,hold_definition
C258.52,S27,int_mmd_prevalence,measure_control data_year geography_level county_fips state_fips value_number value_unit denominator_band is_possible_suppression,hold_definition
C258.53,S27,int_mmd_prevalence,measure_control data_year geography_level county_fips state_fips value_number value_unit denominator_band is_possible_suppression,hold_definition
C258.54,S27,int_mmd_prevalence,measure_control data_year geography_level county_fips state_fips value_number value_unit denominator_band is_possible_suppression,hold_definition
C258.55,S27,int_mmd_prevalence,measure_control data_year geography_level county_fips state_fips value_number value_unit denominator_band is_possible_suppression,hold_definition
C258.56,S27,int_mmd_prevalence,measure_control data_year geography_level county_fips state_fips value_number value_unit denominator_band is_possible_suppression,hold_definition
C258.57,S27,int_mmd_prevalence,measure_control data_year geography_level county_fips state_fips value_number value_unit denominator_band is_possible_suppression,hold_definition
C258.58,S27,int_mmd_prevalence,measure_control data_year geography_level county_fips state_fips value_number value_unit denominator_band is_possible_suppression,hold_definition
C258.59,S27,int_mmd_prevalence,measure_control data_year geography_level county_fips state_fips value_number value_unit denominator_band is_possible_suppression,hold_definition
C258.60,S27,int_mmd_prevalence,measure_control data_year geography_level county_fips state_fips value_number value_unit denominator_band is_possible_suppression,hold_definition
C258.61,S27,int_mmd_prevalence,measure_control data_year geography_level county_fips state_fips value_number value_unit denominator_band is_possible_suppression,hold_definition
C258.62,S27,int_mmd_prevalence,measure_control data_year geography_level county_fips state_fips value_number value_unit denominator_band is_possible_suppression,hold_definition
C258.63,S27,int_mmd_prevalence,measure_control data_year geography_level county_fips state_fips value_number value_unit denominator_band is_possible_suppression,hold_definition
C258.64,S27,int_mmd_prevalence,measure_control data_year geography_level county_fips state_fips value_number value_unit denominator_band is_possible_suppression,hold_definition
C258.65,S27,int_mmd_prevalence,measure_control data_year geography_level county_fips state_fips value_number value_unit denominator_band is_possible_suppression,hold_definition
C258.66,S27,int_mmd_prevalence,measure_control data_year geography_level county_fips state_fips value_number value_unit denominator_band is_possible_suppression,hold_definition
C258.67,S27,int_mmd_prevalence,measure_control data_year geography_level county_fips state_fips value_number value_unit denominator_band is_possible_suppression,hold_definition
C258.68,S27,int_mmd_prevalence,measure_control data_year geography_level county_fips state_fips value_number value_unit denominator_band is_possible_suppression,hold_definition
C258.69,S27,int_mmd_prevalence,measure_control data_year geography_level county_fips state_fips value_number value_unit denominator_band is_possible_suppression,hold_definition
C258.70,S27,int_mmd_prevalence,measure_control data_year geography_level county_fips state_fips value_number value_unit denominator_band is_possible_suppression,hold_definition
C258.71,S27,int_mmd_prevalence,measure_control data_year geography_level county_fips state_fips value_number value_unit denominator_band is_possible_suppression,hold_definition
C258.72,S27,int_mmd_prevalence,measure_control data_year geography_level county_fips state_fips value_number value_unit denominator_band is_possible_suppression,hold_definition
C258.73,S27,int_mmd_prevalence,measure_control data_year geography_level county_fips state_fips value_number value_unit denominator_band is_possible_suppression,hold_definition
C258.74,S27,int_mmd_prevalence,measure_control data_year geography_level county_fips state_fips value_number value_unit denominator_band is_possible_suppression,hold_definition
C258.75,S27,int_mmd_prevalence,measure_control data_year geography_level county_fips state_fips value_number value_unit denominator_band is_possible_suppression,hold_definition
C258.76,S27,int_mmd_prevalence,measure_control data_year geography_level county_fips state_fips value_number value_unit denominator_band is_possible_suppression,hold_definition
C258.77,S27,int_mmd_prevalence,measure_control data_year geography_level county_fips state_fips value_number value_unit denominator_band is_possible_suppression,hold_definition
C258.78,S27,int_mmd_prevalence,measure_control data_year geography_level county_fips state_fips value_number value_unit denominator_band is_possible_suppression,hold_definition
C258.79,S27,int_mmd_prevalence,measure_control data_year geography_level county_fips state_fips value_number value_unit denominator_band is_possible_suppression,hold_definition
C258.80,S27,int_mmd_prevalence,measure_control data_year geography_level county_fips state_fips value_number value_unit denominator_band is_possible_suppression,hold_definition
C258.81,S27,int_mmd_prevalence,measure_control data_year geography_level county_fips state_fips value_number value_unit denominator_band is_possible_suppression,hold_definition
